Date,Route,Rating,Notes,URL,Pitches,Location,"Avg Stars","Your Stars",Style,"Lead Style","Route Type","Your Rating",Length,"Rating Code"
2023-12-03,"Buddha Hole",5.11d,"Bolt to bolt beta burn (B2BBB)",https://www.mountainproject.com/route/106920312/buddha-hole,1,"Kentucky > Red River Gorge > Pendergrass-Murray Recreational Preserve (PMRP) > Solar Collector/Gold Coast",3.6,-1,Lead,Fell/Hung,Sport,,75,5500
2023-12-03,"Mona Lisa Overdrive",5.11b,"Should’ve rested in the hueco a little longer but still managed",https://www.mountainproject.com/route/106925375/mona-lisa-overdrive,1,"Kentucky > Red River Gorge > Pendergrass-Murray Recreational Preserve (PMRP) > Solar Collector/Gold Coast",2.9,-1,Lead,Flash,Sport,,65,4900
2023-12-03,"Decline of Western Civilization",5.10a,"Dry and nice",https://www.mountainproject.com/route/107878537/decline-of-western-civilization,1,"Kentucky > Red River Gorge > Pendergrass-Murray Recreational Preserve (PMRP) > Solar Collector/Gold Coast",2.4,-1,Lead,Flash,Sport,,50,2600
2023-12-03,"A Wave New World",5.10c,"Wet and gross. Left to go to solar collector instead",https://www.mountainproject.com/route/109714325/a-wave-new-world,1,"Kentucky > Red River Gorge > Pendergrass-Murray Recreational Preserve (PMRP) > Drive-By Crag",2.2,-1,Lead,Fell/Hung,Sport,,60,3200
2023-11-30,"Fire and Brimstone",5.10d,"Top half is harder",https://www.mountainproject.com/route/106081931/fire-and-brimstone,1,"Kentucky > Red River Gorge > Pendergrass-Murray Recreational Preserve (PMRP) > Drive-By Crag",3.6,-1,Lead,Fell/Hung,Sport,,90,3500
2023-11-30,"Breakfast Burrito",5.10c/d,"Nearly fell at bolt below chains but didn’t.",https://www.mountainproject.com/route/106081922/breakfast-burrito,1,"Kentucky > Red River Gorge > Pendergrass-Murray Recreational Preserve (PMRP) > Drive-By Crag",3.7,-1,Lead,Redpoint,Sport,,80,3400
2023-10-17,"Take the Scary out of Life",5.11a,,https://www.mountainproject.com/route/107180642/take-the-scary-out-of-life,1,"Kentucky > Red River Gorge > Pendergrass-Murray Recreational Preserve (PMRP) > Bronaugh Wall",3.0,-1,TR,,Sport,,55,4600
2023-10-17,Nanotechnology,5.11b,,https://www.mountainproject.com/route/111775561/nanotechnology,1,"Kentucky > Red River Gorge > Pendergrass-Murray Recreational Preserve (PMRP) > Bronaugh Wall",3.3,-1,Lead,Fell/Hung,Sport,,70,4900
2023-10-17,"Like A Turtle",5.11b,,https://www.mountainproject.com/route/107180626/like-a-turtle,1,"Kentucky > Red River Gorge > Pendergrass-Murray Recreational Preserve (PMRP) > Bronaugh Wall",3.5,-1,Lead,Fell/Hung,Sport,,55,4900
2023-10-17,Muffintop,5.11a,,https://www.mountainproject.com/route/108397003/muffintop,1,"Kentucky > Red River Gorge > Pendergrass-Murray Recreational Preserve (PMRP) > Bronaugh Wall",2.9,-1,Lead,Fell/Hung,Sport,,65,4600
2023-10-17,"5.10 Until Lee and Jeff Do It",5.9+,,https://www.mountainproject.com/route/116567029/510-until-lee-and-jeff-do-it,1,"Kentucky > Red River Gorge > Pendergrass-Murray Recreational Preserve (PMRP) > Bronaugh Wall",2.9,-1,Lead,Onsight,Sport,,55,2500
2023-10-13,"Rock Wars",5.10a,"To clean",https://www.mountainproject.com/route/105868000/rock-wars,1,"Kentucky > Red River Gorge > Northern Gorge > Long Wall",3.9,-1,TR,,Trad,,110,2600
2023-10-13,"Vector Trouble",5.10a,"With Chris and Sam",https://www.mountainproject.com/route/105865685/vector-trouble,1,"Kentucky > Red River Gorge > Northern Gorge > Long Wall",3.7,-1,Follow,,Trad,,100,2600
2023-10-13,Autumn,5.9,"On my own gear this time",https://www.mountainproject.com/route/105868022/autumn,1,"Kentucky > Red River Gorge > Northern Gorge > Long Wall",3.7,-1,Lead,Redpoint,Trad,,80,2400
2023-10-11,"Bathtub Mary",5.11a,,https://www.mountainproject.com/route/106862482/bathtub-mary,1,"Kentucky > Red River Gorge > Muir Valley > The Arsenal",3.7,-1,Lead,Redpoint,Sport,,70,4600
2023-10-11,"Mum Mum",5.11a,"Fell at slabby section near top. It was very dirty and not obvious",https://www.mountainproject.com/route/107203517/mum-mum,1,"Kentucky > Red River Gorge > Muir Valley > Coyote Cliff",3.0,-1,Lead,Fell/Hung,Sport,,70,4600
2023-10-11,Manteleer,5.9+,,https://www.mountainproject.com/route/107203510/manteleer,1,"Kentucky > Red River Gorge > Muir Valley > Coyote Cliff",2.8,-1,Lead,Flash,Sport,,70,2500
2023-10-11,Banshee,5.11c,"Rest more in first little hueco, skip second little hueco as much as possible, milk last big hueco",https://www.mountainproject.com/route/106333612/banshee,1,"Kentucky > Red River Gorge > Muir Valley > The Solarium",3.9,-1,Lead,Fell/Hung,Sport,,100,5200
2023-10-11,Boltergeist,5.10a/b,,https://www.mountainproject.com/route/106580228/boltergeist,1,"Kentucky > Red River Gorge > Muir Valley > The Hideout",3.3,-1,Lead,Redpoint,Sport,,95,2800
2023-10-11,"Pre-emptive Strike",5.10c,,https://www.mountainproject.com/route/106463621/pre-emptive-strike,1,"Kentucky > Red River Gorge > Muir Valley > The Hideout",3.3,-1,Lead,Onsight,Sport,,90,3200
2023-10-10,"Hardcore Jollies",5.12a,"Was too tired by this point for a proper go but I found a sequence for the first 3 bolts that works for me and feels doable from the ground",https://www.mountainproject.com/route/105868713/hardcore-jollies,1,"Kentucky > Red River Gorge > Northern Gorge > Funk Rock City",2.7,-1,Lead,Fell/Hung,Sport,,50,6600
2023-10-10,"Headstone Surfer",5.10a,"Super sick",https://www.mountainproject.com/route/105866439/headstone-surfer,1,"Kentucky > Red River Gorge > Northern Gorge > Funk Rock City",3.6,-1,Lead,Onsight,Trad,,90,2600
2023-10-10,Funkadelic,5.10b,,https://www.mountainproject.com/route/105866459/funkadelic,1,"Kentucky > Red River Gorge > Northern Gorge > Funk Rock City",2.9,-1,Lead,Onsight,Sport,,95,2900
2023-10-10,"Manic Impression",5.10a,,https://www.mountainproject.com/route/105866451/manic-impression,1,"Kentucky > Red River Gorge > Northern Gorge > Funk Rock City",3.2,-1,Lead,Onsight,Sport,,95,2600
2023-10-10,"Eye of the Needle",5.11b,,https://www.mountainproject.com/route/106282978/eye-of-the-needle,1,"Kentucky > Red River Gorge > Northern Gorge > Funk Rock City",3.7,-1,Lead,Onsight,Sport,,85,4900
2023-10-10,Goodstone,5.10c/d,"Felt pretty good. No takes",https://www.mountainproject.com/route/105867546/goodstone,1,"Kentucky > Red River Gorge > Northern Gorge > Funk Rock City",3.2,-1,TR,,Trad,,80,3400
2023-10-09,"Blood on the Nuts",5.8+,"Dirty and a bit scary of a top out even on TR

Fun roof pull",https://www.mountainproject.com/route/107649608/blood-on-the-nuts,1,"Kentucky > Red River Gorge > Northern Gorge > Indian Creek",2.8,-1,Follow,,Trad,,75,2200
2023-10-09,"The Great Beyond",5.6,"Turned into two short pitches for drag. Climbed to get Chris’s phone from the top of Jim’s Dihedral. Chimney was kind of fun. Extremely dirty",https://www.mountainproject.com/route/119038012/the-great-beyond,1,"Kentucky > Red River Gorge > Northern Gorge > Indian Creek",2.3,-1,Lead,Onsight,Trad,,100,1600
2023-10-09,"Jim's Dihedral",5.10a,,https://www.mountainproject.com/route/106962264/jims-dihedral,1,"Kentucky > Red River Gorge > Northern Gorge > Indian Creek",3.9,-1,Follow,,Trad,,110,2600
2023-10-09,"Supercrack (aka Crack Attack)",5.9+,"Took at end wide part",https://www.mountainproject.com/route/106405603/supercrack-aka-crack-attack,1,"Kentucky > Red River Gorge > Northern Gorge > Indian Creek",3.8,-1,Lead,Fell/Hung,Trad,,80,2500
2023-10-07,"Mercy Miss Percy",5.9,"Easier than the Porter 9s near by",https://www.mountainproject.com/route/105870271/mercy-miss-percy,1,"Kentucky > Red River Gorge > Northern Gorge > Military Wall",1.5,-1,TR,,Sport,,50,2400
2023-10-07,"Possum Lips",5.10d,"Went second go today. First go I went out right off route and wasted too much time",https://www.mountainproject.com/route/105870248/possum-lips,2,"Kentucky > Red River Gorge > Northern Gorge > Military Wall",2.6,-1,Lead,Redpoint,Sport,,50,3500
2023-09-11,Ripp-Off,5.7,"Baby’s first TR Solo, on an onsight at that (TR onsight?)

Unbelievably dirty the whole way up - also probably closer to 60ft than 45",https://www.mountainproject.com/route/117621964/ripp-off,1,"Kentucky > Red River Gorge > Northern Gorge > Princess Arch",3.0,-1,Solo,,"Trad, TR",,45,1800
2023-09-09,Spinner,5.10b,"Belayed by Dr. Raska’s wife",https://www.mountainproject.com/route/106614626/spinner,1,"Kentucky > Red River Gorge > Muir Valley > Johnny's Wall",2.9,-1,Lead,Redpoint,Sport,,50,2900
2023-09-09,"Plate Tectonics",5.10a,,https://www.mountainproject.com/route/106065471/plate-tectonics,1,"Kentucky > Red River Gorge > Muir Valley > Tectonic Wall",3.3,-1,Lead,Flash,Sport,,70,2600
2023-09-09,"Tall Cool One",5.9,,https://www.mountainproject.com/route/106189887/tall-cool-one,1,"Kentucky > Red River Gorge > Muir Valley > Tectonic Wall",2.5,-1,Lead,Flash,Sport,,60,2400
2023-09-09,"Gettin' Lucky in Kentucky",5.10b,,https://www.mountainproject.com/route/106065461/gettin-lucky-in-kentucky,1,"Kentucky > Red River Gorge > Muir Valley > Tectonic Wall",3.4,-1,Lead,Onsight,Sport,,60,2900
2023-09-09,Bethel,5.10a,"Climbed with Shafik and co from NY today

Cool bigger moves at the end",https://www.mountainproject.com/route/106614620/bethel,1,"Kentucky > Red River Gorge > Muir Valley > Johnny's Wall",2.9,-1,Lead,Onsight,Sport,,50,2600
2023-09-09,"59"" DrillBitch",5.10a,,https://www.mountainproject.com/route/106614611/59-drillbitch,1,"Kentucky > Red River Gorge > Muir Valley > Johnny's Wall",3.0,-1,Lead,Flash,Sport,,45,2600
2023-09-08,"The Offering",5.7,,https://www.mountainproject.com/route/106085047/the-offering,1,"Kentucky > Red River Gorge > Muir Valley > Bruise Brothers Wall",2.6,-1,Lead,Redpoint,Sport,,45,1800
2023-09-07,Maypop,5.11b,Failure,https://www.mountainproject.com/route/105860735/maypop,1,"Kentucky > Red River Gorge > Northern Gorge > Left Flank",2.1,-1,Lead,Fell/Hung,Sport,,65,4900
2023-09-07,"Possum Lips",5.10d,"1 or 2 more goes for RP, beta at good knob is weird",https://www.mountainproject.com/route/105870248/possum-lips,1,"Kentucky > Red River Gorge > Northern Gorge > Military Wall",2.6,-1,Lead,Fell/Hung,Sport,,50,3500
2023-09-07,Moonbeam,5.9,"Took like a goof ball at last bolt. First route of day, that’s what I’m telling myself


Partner for the day: Ryder from St Louis",https://www.mountainproject.com/route/105891677/moonbeam,1,"Kentucky > Red River Gorge > Northern Gorge > Military Wall",2.3,-1,Lead,Fell/Hung,Sport,,50,2400
2023-09-07,"Mr. Bungle",5.8,"To clean the 11 I bailed from",https://www.mountainproject.com/route/105860693/mr-bungle,1,"Kentucky > Red River Gorge > Northern Gorge > Left Flank",2.5,-1,Lead,Redpoint,Sport,,60,2100
2023-09-07,"Face Up To That Crack",5.8,,https://www.mountainproject.com/route/105860667/face-up-to-that-crack,1,"Kentucky > Red River Gorge > Northern Gorge > Left Flank",2.7,-1,Lead,Redpoint,"Trad, Sport",,70,2100
2023-09-07,"To Defy The Laws Of Tradition",5.10a,,https://www.mountainproject.com/route/105860648/to-defy-the-laws-of-tradition,1,"Kentucky > Red River Gorge > Northern Gorge > Left Flank",3.3,-1,Lead,Redpoint,Sport,,60,2600
2023-09-07,Sunshine,5.9,,https://www.mountainproject.com/route/105891673/sunshine,1,"Kentucky > Red River Gorge > Northern Gorge > Military Wall",2.4,-1,Lead,Redpoint,Sport,,50,2400
2023-08-27,Birdie,5.6,,https://www.mountainproject.com/route/110923449/birdie,1,"International > North America > Canada > Alberta > Bow Valley > Grassi Lakes > The Golf Course",2.8,-1,Lead,Onsight,Sport,,80,1600
2023-08-27,"Elk Don't Golf",5.5,,https://www.mountainproject.com/route/109265256/elk-dont-golf,1,"International > North America > Canada > Alberta > Bow Valley > Grassi Lakes > The Golf Course",1.9,-1,Lead,Onsight,Sport,,50,1500
2023-08-25,Tiger,5.5,,https://www.mountainproject.com/route/109265248/tiger,1,"International > North America > Canada > Alberta > Bow Valley > Grassi Lakes > The Golf Course",1.6,-1,Lead,Onsight,Sport,,50,1500
2023-05-05,Armatron,5.9-,"Took at route crux (2nd pitch finger crack) to look for beta

Swung leads with Bea, linked with MysterZ

Linked pitches 1 & 2, 3 & 4",https://www.mountainproject.com/route/105809181/armatron,6,"Nevada > Southern Nevada > Red Rocks > (11) Juniper Canyon > Brownstone Wall",3.5,-1,Lead,,Trad,,680,2300
2023-05-05,MysterZ,5.7,"Swung leads and simuled pitches 2 & 3 with Bea",https://www.mountainproject.com/route/105732365/mysterz,7,"Nevada > Southern Nevada > Red Rocks > (11) Juniper Canyon > Jackrabbit Buttress",2.3,-1,Lead,Onsight,Trad,,800,1800
2023-04-05,"Save On-sight",5.8,"W/ Jordan and Sarah

Undercling is extremely hollow",https://www.mountainproject.com/route/122128635/save-on-sight,1,"Nevada > Southern Nevada > Red Rocks > (03) First Pullout (Calico I) > Classic Rock Wall",1.8,-1,Lead,Flash,"Sport, TR",,45,2100
2023-04-05,"Climber of 5.9",5.9-,"Climbed this and the 8 next door with strangers Jordan and Sarah",https://www.mountainproject.com/route/122128607/climber-of-59,1,"Nevada > Southern Nevada > Red Rocks > (03) First Pullout (Calico I) > Classic Rock Wall",2.4,-1,Lead,Flash,"Sport, TR",,50,2300
2023-03-24,"A Man in Every Pot",5.8+,,https://www.mountainproject.com/route/105819734/a-man-in-every-pot,1,"Nevada > Southern Nevada > Red Rocks > (01) Calico Basin > Cannibal Crag",2.0,-1,Lead,Flash,Sport,,40,2200
2023-03-18,"Pickled Cock",5.11c,"Fell once",https://www.mountainproject.com/route/105944488/pickled-cock,1,"Nevada > Southern Nevada > Red Rocks > (01) Calico Basin > Cannibal Crag",3.0,-1,Lead,Fell/Hung,Sport,,50,5200
2023-03-18,"Caustic Cock",5.11b,"Took once",https://www.mountainproject.com/route/105820098/caustic-cock,1,"Nevada > Southern Nevada > Red Rocks > (01) Calico Basin > Cannibal Crag",3.4,-1,Lead,Fell/Hung,Sport,,40,4900
2023-03-12,"Claimjumpers Special",5.10c,,https://www.mountainproject.com/route/106601301/claimjumpers-special,1,"Nevada > Southern Nevada > Red Rocks > (01) Calico Basin > Kraft Mountain Area > Sunny and Steep",2.5,-1,Lead,Flash,Sport,,75,3200
2023-03-12,"Working for Peanuts",5.9+,,https://www.mountainproject.com/route/106601293/working-for-peanuts,1,"Nevada > Southern Nevada > Red Rocks > (01) Calico Basin > Kraft Mountain Area > Sunny and Steep",1.7,-1,Lead,Flash,Sport,,60,2500
2023-03-09,"Idaho Falls",5.8,,https://www.mountainproject.com/route/116231112/idaho-falls,1,"Nevada > Southern Nevada > Red Rocks > (10) Pine Creek Canyon > Flight Path Area",2.2,-1,Lead,Flash,Trad,,25,2100
2023-03-09,Stanley,5.7,,https://www.mountainproject.com/route/116231136/stanley,1,"Nevada > Southern Nevada > Red Rocks > (10) Pine Creek Canyon > Flight Path Area",2.4,-1,Lead,Flash,Trad,,25,1800
2023-03-09,"Straight Shooter",5.9+,"Took at crux, very cool route",https://www.mountainproject.com/route/105732428/straight-shooter,1,"Nevada > Southern Nevada > Red Rocks > (10) Pine Creek Canyon > Straight Shooter Wall",3.6,-1,Lead,Fell/Hung,Trad,,60,2500
2023-03-06,"Super Tsardom",5.4,,https://www.mountainproject.com/route/109545760/super-tsardom,1,"Nevada > Southern Nevada > Red Rocks > (03) First Pullout (Calico I) > Civilization Crag",1.9,-1,Lead,Onsight,Sport,,60,1400
2023-03-06,"Silk Road",5.6,,https://www.mountainproject.com/route/121951230/silk-road,1,"Nevada > Southern Nevada > Red Rocks > (03) First Pullout (Calico I) > Civilization Crag",2.5,-1,Lead,Onsight,Sport,,90,1600
2023-03-06,"The Three Kingdoms",5.7,,https://www.mountainproject.com/route/109545754/the-three-kingdoms,1,"Nevada > Southern Nevada > Red Rocks > (03) First Pullout (Calico I) > Civilization Crag",2.2,-1,Lead,Onsight,Sport,,70,1800
2023-03-06,"Umayyad Caliphate",5.9+,,https://www.mountainproject.com/route/109545942/umayyad-caliphate,1,"Nevada > Southern Nevada > Red Rocks > (03) First Pullout (Calico I) > Civilization Crag",2.6,-1,Lead,Onsight,Sport,,60,2500
2023-03-06,"Sultans and Viziers",5.8,,https://www.mountainproject.com/route/109545922/sultans-and-viziers,1,"Nevada > Southern Nevada > Red Rocks > (03) First Pullout (Calico I) > Civilization Crag",2.3,-1,Lead,Onsight,Sport,,55,2100
2023-03-06,"Five Charter Oath",5.8-,,https://www.mountainproject.com/route/109545907/five-charter-oath,1,"Nevada > Southern Nevada > Red Rocks > (03) First Pullout (Calico I) > Civilization Crag",2.3,-1,Lead,Onsight,Sport,,55,2000
2023-03-06,"Babylon 5.8",5.8,,https://www.mountainproject.com/route/106757206/babylon-58,1,"Nevada > Southern Nevada > Red Rocks > (03) First Pullout (Calico I) > Civilization Crag",1.9,-1,Lead,Onsight,Sport,,40,2100
2023-03-06,"The Fall of Rome",5.10b,,https://www.mountainproject.com/route/106718692/the-fall-of-rome,1,"Nevada > Southern Nevada > Red Rocks > (03) First Pullout (Calico I) > Civilization Crag",2.6,-1,Lead,Onsight,Sport,,70,2900
2023-03-06,"This is Sparta",5.9,,https://www.mountainproject.com/route/106757203/this-is-sparta,1,"Nevada > Southern Nevada > Red Rocks > (03) First Pullout (Calico I) > Civilization Crag",2.0,-1,Lead,Redpoint,Sport,,60,2400
2023-03-04,"Southeast Face",V3,,https://www.mountainproject.com/route/107430262/southeast-face,1,"Nevada > Southern Nevada > Red Rock Boulders > (01) Calico Basin Boulders > Kraft Boulders > (03) Main Area > The Butt Crack Boulder",2.2,-1,Send,,Boulder,,10,20300
2023-03-04,"Southeast Face - SDS",V4-5,,https://www.mountainproject.com/route/107430269/southeast-face-sds,1,"Nevada > Southern Nevada > Red Rock Boulders > (01) Calico Basin Boulders > Kraft Boulders > (03) Main Area > The Butt Crack Boulder",2.5,-1,Send,,Boulder,,,20450
2023-03-04,"The Clam Bumper",V3,,https://www.mountainproject.com/route/106652005/the-clam-bumper,1,"Nevada > Southern Nevada > Red Rock Boulders > (01) Calico Basin Boulders > Kraft Boulders > (04) The Pearl Area > The Pearl",2.3,-1,Send,,Boulder,,10,20300
2023-03-04,"The Pearl",V5,"6 attempts or so",https://www.mountainproject.com/route/106056281/the-pearl,1,"Nevada > Southern Nevada > Red Rock Boulders > (01) Calico Basin Boulders > Kraft Boulders > (04) The Pearl Area > The Pearl",3.2,-1,Send,,Boulder,,12,20500
2023-02-28,"Crouching Tiger",5.11b,"Only route of day belayed by stranger. Cool moves",https://www.mountainproject.com/route/120557326/crouching-tiger,1,"Nevada > Southern Nevada > Blue Diamond Area > Blue Diamond Cave",2.7,-1,Lead,Fell/Hung,Sport,,55,4900
2023-02-27,"Lotta Balls",5.8,"Bailed after pitch 1 due to freezing wind",https://www.mountainproject.com/route/105732242/lotta-balls,1,"Nevada > Southern Nevada > Red Rocks > (14) First Creek Canyon > Lotta Balls Wall",3.2,-1,Lead,,Trad,,420,2100
2023-02-22,"Panty Raid",5.10a,"Started snowing as soon as I finished the rap, with David and Sam.",https://www.mountainproject.com/route/105732941/panty-raid,1,"Nevada > Southern Nevada > Red Rocks > (03) First Pullout (Calico I) > Panty Wall",3.2,-1,Lead,Onsight,Trad,,80,2600
2023-02-19,"Potato Chips",V2,,https://www.mountainproject.com/route/106650919/potato-chips,1,"Nevada > Southern Nevada > Red Rock Boulders > (01) Calico Basin Boulders > Kraft Boulders > (03) Main Area > Potato Chip",3.2,-1,Flash,,Boulder,,12,20200
2023-02-19,"Potato Chips Low",V3-4,,https://www.mountainproject.com/route/114236573/potato-chips-low,1,"Nevada > Southern Nevada > Red Rock Boulders > (01) Calico Basin Boulders > Kraft Boulders > (03) Main Area > Potato Chip",2.6,-1,Flash,,Boulder,,13,20350
2023-02-18,Fin,V3,,https://www.mountainproject.com/route/107430182/fin,1,"Nevada > Southern Nevada > Red Rock Boulders > (01) Calico Basin Boulders > Kraft Boulders > (03) Main Area > Black Warm Up Boulders > Black Warm-up South",2.0,-1,Flash,,Boulder,,12,20300
2023-01-27,"Mini dihedral",V0-,,https://www.mountainproject.com/route/123412376/mini-dihedral,1,"Kentucky > Cherokee Park > Big Wall",2.5,-1,Flash,,Boulder,,10,20005
2023-01-27,"Big Busty",V2,,https://www.mountainproject.com/route/123520123/big-busty,1,"Kentucky > Cherokee Park > Big Wall",3.0,-1,Flash,,Boulder,,15,20200
2022-12-15,"Ohio Climbing",5.8,,https://www.mountainproject.com/route/108524421/ohio-climbing,1,"Kentucky > Red River Gorge > Muir Valley > Bruise Brothers Wall",2.7,-1,Lead,Redpoint,Sport,,50,2100
2022-12-15,"Return of Manimal",5.10d,,https://www.mountainproject.com/route/106061901/return-of-manimal,1,"Kentucky > Red River Gorge > Muir Valley > Bruise Brothers Wall",3.5,-1,Lead,Redpoint,Sport,,85,3500
2022-12-15,"Hey There Fancy Pants",5.10c,"Got coaxed into a snafu at the crux. Once I reset my body position to try again it was easy",https://www.mountainproject.com/route/106064500/hey-there-fancy-pants,1,"Kentucky > Red River Gorge > Muir Valley > Bruise Brothers Wall",2.7,-1,Lead,Fell/Hung,Sport,,55,3200
2022-12-15,"Jungle Trundler",5.11a,,https://www.mountainproject.com/route/106129989/jungle-trundler,1,"Kentucky > Red River Gorge > Muir Valley > Bruise Brothers Wall",2.9,-1,Lead,Flash,Sport,,60,4600
2022-11-23,"All Things Considered",5.11d,"Moves all felt solid. Stay low at first bolt to mantle up the right hand in 2 finger pocket/edge on right most face. Do not go up early",https://www.mountainproject.com/route/106641238/all-things-considered,1,"Kentucky > Red River Gorge > Northern Gorge > Military Wall",3.8,-1,Lead,Fell/Hung,Sport,,55,5500
2022-11-22,"Botanical Gardens",5.10a,,https://www.mountainproject.com/route/111219181/botanical-gardens,1,"Kentucky > Red River Gorge > Natural Bridge Region > The Zoo > Bird Cage Sector",3.5,-1,Lead,Redpoint,Sport,,95,2600
2022-11-22,"Geezers Go Sport",5.11b,"Took once at crack near tree (traverse right low then go up)",https://www.mountainproject.com/route/106127916/geezers-go-sport,1,"Kentucky > Red River Gorge > Natural Bridge Region > The Zoo > The Old Zoo",3.3,-1,Lead,Fell/Hung,Sport,,80,4900
2022-11-22,Hippocrite,5.12a,,https://www.mountainproject.com/route/106126244/hippocrite,1,"Kentucky > Red River Gorge > Natural Bridge Region > The Zoo > The Old Zoo",3.6,-1,Lead,Fell/Hung,Sport,,45,6600
2022-11-22,"Monkey in the Middle",5.11a,,https://www.mountainproject.com/route/106127925/monkey-in-the-middle,1,"Kentucky > Red River Gorge > Natural Bridge Region > The Zoo > The Old Zoo",3.5,-1,Lead,Fell/Hung,Sport,,80,4600
2022-11-21,Thrillbillies,5.10b,,https://www.mountainproject.com/route/107250835/thrillbillies,1,"Kentucky > Red River Gorge > Muir Valley > Slab City",3.1,-1,Lead,Flash,Sport,,90,2900
2022-11-21,"Return to Balance",5.11a,"cool route",https://www.mountainproject.com/route/106773969/return-to-balance,1,"Kentucky > Red River Gorge > Muir Valley > Slab City",3.3,-1,Lead,Onsight,Sport,,50,4600
2022-11-21,"Bathtub Mary",5.11a,,https://www.mountainproject.com/route/106862482/bathtub-mary,1,"Kentucky > Red River Gorge > Muir Valley > The Arsenal",3.7,-1,Lead,Flash,Sport,,70,4600
2022-11-16,"Hip to the Jive",5.11b,"Very hard but only because it was cloudy and very cold and other excuses",https://www.mountainproject.com/route/107379148/hip-to-the-jive,1,"Kentucky > Red River Gorge > Bald Rock Recreational Preserve (BRRP) > Chocolate Factory",3.3,-1,Lead,Fell/Hung,Sport,,65,4900
2022-11-16,Wonkaholic,5.10a,"Top bit is tricky, draws being pre-placed on anchor definitely removed some crux",https://www.mountainproject.com/route/107379163/wonkaholic,1,"Kentucky > Red River Gorge > Bald Rock Recreational Preserve (BRRP) > Chocolate Factory",2.7,-1,Lead,Flash,Sport,,50,2600
2022-11-14,"Golden Shower",5.12a,"Got to the top, managed the roof move. Didn’t weight rope at first bolt. Should send one or two more",https://www.mountainproject.com/route/112310716/golden-shower,1,"Kentucky > Red River Gorge > Pendergrass-Murray Recreational Preserve (PMRP) > Solar Collector/Gold Coast",3.9,-1,TR,,Sport,,80,6600
2022-11-14,"Golden Shower",5.12a,"Took at first bolt then struggled with roof near anchor",https://www.mountainproject.com/route/112310716/golden-shower,1,"Kentucky > Red River Gorge > Pendergrass-Murray Recreational Preserve (PMRP) > Solar Collector/Gold Coast",3.9,-1,Lead,Fell/Hung,Sport,,80,6600
2022-11-12,"The Preacher's Daughter",5.11a/b,"Took two nice whips. Could get clean I think after another go or two. Holds are there, tests are there.",https://www.mountainproject.com/route/107879859/the-preachers-daughter,1,"Kentucky > Red River Gorge > Pendergrass-Murray Recreational Preserve (PMRP) > The Gallery",3.5,-1,Lead,Fell/Hung,Sport,,70,4800
2022-11-12,"No Brain, No Pain",5.10b,,https://www.mountainproject.com/route/110293313/no-brain-no-pain,1,"Kentucky > Red River Gorge > Pendergrass-Murray Recreational Preserve (PMRP) > The Gallery",2.6,-1,Lead,Onsight,Sport,,40,2900
2022-11-12,"Short By a Foot",5.10c,"One take",https://www.mountainproject.com/route/111910470/short-by-a-foot,1,"Kentucky > Red River Gorge > Pendergrass-Murray Recreational Preserve (PMRP) > The Gallery",2.3,-1,Lead,Fell/Hung,Sport,,40,3200
2022-11-12,"Starry Night",5.11d,"Did not get to fifth bolt",https://www.mountainproject.com/route/112289818/starry-night,1,"Kentucky > Red River Gorge > Pendergrass-Murray Recreational Preserve (PMRP) > The Gallery",3.5,-1,Lead,Fell/Hung,Sport,,60,5500
2022-11-11,"Kokopeli's Dream",5.9,,https://www.mountainproject.com/route/106574064/kokopelis-dream,1,"Kentucky > Red River Gorge > Muir Valley > Sunnyside",2.5,-1,Lead,Flash,Sport,,50,2400
2022-11-11,"Sweet Jane",5.8-,,https://www.mountainproject.com/route/106286280/sweet-jane,1,"Kentucky > Red River Gorge > Muir Valley > Bruise Brothers Wall",2.2,-1,Lead,Redpoint,Sport,,50,2000
2022-11-11,"Stay Off the Radio Jeff!",5.9+,"Climbed with Emma (Baltimore) and friends",https://www.mountainproject.com/route/107596000/stay-off-the-radio-jeff,1,"Kentucky > Red River Gorge > Muir Valley > Bruise Brothers Wall",2.5,-1,Lead,Redpoint,Sport,,50,2500
2022-11-06,"Watering Hole",5.10a,,https://www.mountainproject.com/route/107321623/watering-hole,1,"Kentucky > Red River Gorge > Muir Valley > Land Before Time Wall",2.3,-1,Lead,Onsight,Sport,,60,2600
2022-11-06,Ryanosaurus,5.9,,https://www.mountainproject.com/route/106968604/ryanosaurus,1,"Kentucky > Red River Gorge > Muir Valley > Land Before Time Wall",2.9,-1,Lead,Redpoint,Sport,,50,2400
2022-11-06,"Prehistoric Extermination",5.8,,https://www.mountainproject.com/route/106968591/prehistoric-extermination,1,"Kentucky > Red River Gorge > Muir Valley > Land Before Time Wall",3.1,-1,Lead,Onsight,Sport,,50,2100
2022-11-06,Sabertooth,5.10c,,https://www.mountainproject.com/route/107239363/sabertooth,1,"Kentucky > Red River Gorge > Muir Valley > Land Before Time Wall",2.4,-1,Lead,Onsight,Sport,,55,3200
2022-11-05,Whip-Stocking,5.11a,"Super rad route. Saw Pete Whittaker and Tommy Caldwell at the crag.",https://www.mountainproject.com/route/106081917/whip-stocking,1,"Kentucky > Red River Gorge > Pendergrass-Murray Recreational Preserve (PMRP) > Drive-By Crag",3.7,-1,Lead,Redpoint,Sport,,80,4600
2022-11-05,"Breakfast Burrito",5.10c/d,"Belayed by a guy who had tommy Caldwells laptop in his car",https://www.mountainproject.com/route/106081922/breakfast-burrito,1,"Kentucky > Red River Gorge > Pendergrass-Murray Recreational Preserve (PMRP) > Drive-By Crag",3.7,-1,Lead,Fell/Hung,Sport,,80,3400
2022-11-04,"Fuzzy Undercling",5.11b,,https://www.mountainproject.com/route/105870256/fuzzy-undercling,1,"Kentucky > Red River Gorge > Northern Gorge > Military Wall",3.4,-1,Lead,Fell/Hung,Sport,,60,4900
2022-11-04,"A Wave New World",5.10c,,https://www.mountainproject.com/route/109714325/a-wave-new-world,1,"Kentucky > Red River Gorge > Pendergrass-Murray Recreational Preserve (PMRP) > Drive-By Crag",2.2,-1,Lead,Onsight,Sport,,60,3200
2022-11-04,"Make  A Wish",5.10b,,https://www.mountainproject.com/route/106081926/make-a-wish,1,"Kentucky > Red River Gorge > Pendergrass-Murray Recreational Preserve (PMRP) > Drive-By Crag",2.6,-1,Lead,Onsight,Sport,,75,2900
2022-11-02,"Kentucky Pinstripe",5.10a,,https://www.mountainproject.com/route/105880920/kentucky-pinstripe,1,"Kentucky > Red River Gorge > Natural Bridge Region > Global Village",2.8,-1,TR,,Sport,,80,2600
2022-11-02,Eureka,5.6,,https://www.mountainproject.com/route/105880926/eureka,1,"Kentucky > Red River Gorge > Natural Bridge Region > Global Village",3.6,-1,Lead,Redpoint,Sport,,70,1600
2022-11-01,"Send Me on My Way",5.9-,,https://www.mountainproject.com/route/106085043/send-me-on-my-way,1,"Kentucky > Red River Gorge > Muir Valley > Bruise Brothers Wall",3.2,-1,Lead,Redpoint,Sport,,75,2300
2022-11-01,"Critters on the Cliff",5.10c,,https://www.mountainproject.com/route/106061920/critters-on-the-cliff,1,"Kentucky > Red River Gorge > Muir Valley > Bruise Brothers Wall",3.1,-1,Lead,Onsight,Sport,,75,3200
2022-11-01,"Return of Manimal",5.10d,"Great climb",https://www.mountainproject.com/route/106061901/return-of-manimal,1,"Kentucky > Red River Gorge > Muir Valley > Bruise Brothers Wall",3.5,-1,Lead,Onsight,Sport,,85,3500
2022-11-01,"Little Viper",5.10b,"Stiff for grade",https://www.mountainproject.com/route/106065268/little-viper,1,"Kentucky > Red River Gorge > Muir Valley > Bruise Brothers Wall",2.7,-1,Lead,Onsight,Sport,,50,2900
2022-11-01,Mancala,5.10a/b,"With static line and one bit of rope protection this is great route for TR solo due to climbing line for rope not touching rock and practice anchor at the base",https://www.mountainproject.com/route/106921324/mancala,1,"Kentucky > Red River Gorge > Muir Valley > Johnny's Wall",2.5,-1,Lead,Onsight,Sport,,45,2800
2022-11-01,Spinner,5.10b,,https://www.mountainproject.com/route/106614626/spinner,1,"Kentucky > Red River Gorge > Muir Valley > Johnny's Wall",2.9,-1,Lead,Onsight,Sport,,50,2900
2022-10-30,Foxfire,"5.7 R","Did it with Nick (in 4 pitches)",https://www.mountainproject.com/route/105854070/foxfire,4,"Kentucky > Red River Gorge > Northern Gorge > Eagle Point Buttress",3.5,-1,Lead,Redpoint,Trad,,200,1800
2022-10-29,Boltergeist,5.10a/b,"Have definitely climbed this before, maybe more than once

Found DMM #12 booty nut on route to left (Shock and Awe)",https://www.mountainproject.com/route/106580228/boltergeist,1,"Kentucky > Red River Gorge > Muir Valley > The Hideout",3.3,-1,Lead,Redpoint,Sport,,95,2800
2022-10-29,Edge-a-Sketch,5.11a,"Saw Kaylee do the first half (crux)",https://www.mountainproject.com/route/106657106/edge-a-sketch,1,"Kentucky > Red River Gorge > Muir Valley > The Great Wall",3.2,-1,Lead,Flash,Sport,,70,4600
2022-10-29,"Glory and Consequence",5.7+,"Top roped to clean for older couple",https://www.mountainproject.com/route/106580249/glory-and-consequence,1,"Kentucky > Red River Gorge > Muir Valley > The Great Wall",2.3,-1,TR,,Sport,,50,1900
2022-10-29,"Ledgends of Limonite",5.8,,https://www.mountainproject.com/route/106580254/ledgends-of-limonite,1,"Kentucky > Red River Gorge > Muir Valley > The Great Wall",2.0,-1,Lead,Onsight,Sport,,55,2100
2022-10-27,"Animal Husbandry",5.11b,,https://www.mountainproject.com/route/111046822/animal-husbandry,1,"Kentucky > Red River Gorge > Natural Bridge Region > The Zoo > The Old Zoo",2.9,-1,Lead,Onsight,Sport,,80,4900
2022-10-27,"Sons of Perdition",5.12b,"Did not get to top. Lowered after final roof pull at bolt with chain on head wall",https://www.mountainproject.com/route/111053950/sons-of-perdition,1,"Kentucky > Red River Gorge > Natural Bridge Region > The Zoo > Bird Cage Sector",3.4,-1,Lead,Fell/Hung,Sport,,80,6900
2022-10-27,"Lynx Jinx",5.11c,"Fell reaching for roof side pull. Beta after falling was to use left hand on unchalked hold below sidepull",https://www.mountainproject.com/route/106579832/lynx-jinx,1,"Kentucky > Red River Gorge > Natural Bridge Region > The Zoo > The Old Zoo",3.2,-1,Lead,Fell/Hung,Sport,,50,5200
2022-10-26,"Face Up To That Crack",5.8,,https://www.mountainproject.com/route/105860667/face-up-to-that-crack,1,"Kentucky > Red River Gorge > Northern Gorge > Left Flank",2.7,-1,Lead,Redpoint,"Trad, Sport",,70,2100
2022-10-26,"To Defy The Laws Of Tradition",5.10a,,https://www.mountainproject.com/route/105860648/to-defy-the-laws-of-tradition,1,"Kentucky > Red River Gorge > Northern Gorge > Left Flank",3.3,-1,Lead,Redpoint,Sport,,60,2600
2022-10-24,"Ohio Climbing",5.8,,https://www.mountainproject.com/route/108524421/ohio-climbing,1,"Kentucky > Red River Gorge > Muir Valley > Bruise Brothers Wall",2.7,-1,Lead,Redpoint,Sport,,50,2100
2022-10-24,"Workin' For The Weekend",5.10c,"Fun route",https://www.mountainproject.com/route/106130303/workin-for-the-weekend,1,"Kentucky > Red River Gorge > Muir Valley > Bruise Brothers Wall",3.0,-1,Lead,Onsight,Sport,,70,3200
2022-10-24,CH4,5.7,"Climbed again to clean Rising more easily",https://www.mountainproject.com/route/106130307/ch4,1,"Kentucky > Red River Gorge > Muir Valley > Bruise Brothers Wall",1.7,-1,Lead,Redpoint,Sport,,30,1800
2022-10-24,Rising,5.11a,,https://www.mountainproject.com/route/106302099/rising,1,"Kentucky > Red River Gorge > Muir Valley > Bruise Brothers Wall",2.7,-1,Lead,Redpoint,Sport,,50,4600
2022-10-24,"The Offering",5.7,,https://www.mountainproject.com/route/106085047/the-offering,1,"Kentucky > Red River Gorge > Muir Valley > Bruise Brothers Wall",2.6,-1,Lead,Redpoint,Sport,,45,1800
2022-10-24,"Sweet Jane",5.8-,,https://www.mountainproject.com/route/106286280/sweet-jane,1,"Kentucky > Red River Gorge > Muir Valley > Bruise Brothers Wall",2.2,-1,Lead,Onsight,Sport,,50,2000
2022-10-24,"Bee's Business",5.8-,,https://www.mountainproject.com/route/107116591/bees-business,1,"Kentucky > Red River Gorge > Muir Valley > Bruise Brothers Wall",2.5,-1,Lead,Onsight,Sport,,60,2000
2022-10-24,"Trundling Kentucky",5.8,,https://www.mountainproject.com/route/107537571/trundling-kentucky,1,"Kentucky > Red River Gorge > Muir Valley > Bruise Brothers Wall",2.2,-1,Lead,Redpoint,Sport,,50,2100
2022-10-24,"Stay Off the Radio Jeff!",5.9+,,https://www.mountainproject.com/route/107596000/stay-off-the-radio-jeff,1,"Kentucky > Red River Gorge > Muir Valley > Bruise Brothers Wall",2.5,-1,Lead,Onsight,Sport,,50,2500
2022-10-23,"Barrel Full of Monkeys",5.11a,"2nd attempt redpoint",https://www.mountainproject.com/route/108941985/barrel-full-of-monkeys,1,"Kentucky > Red River Gorge > Natural Bridge Region > The Zoo > The New Zoo",2.8,-1,Lead,Redpoint,Sport,,80,4600
2022-10-23,"Monkey in the Middle",5.11a,,https://www.mountainproject.com/route/106127925/monkey-in-the-middle,1,"Kentucky > Red River Gorge > Natural Bridge Region > The Zoo > The Old Zoo",3.5,-1,Lead,Redpoint,Sport,,80,4600
2022-10-23,Chimp,5.10b,"With strangers from Akron (Mike, Marie, Lucy (dog))",https://www.mountainproject.com/route/105918086/chimp,1,"Kentucky > Red River Gorge > Natural Bridge Region > The Zoo > The Old Zoo",2.5,-1,Lead,Redpoint,Sport,,60,2900
2022-10-22,"Lanterne Rouge",5.9,"Top rope cleaned to set up anchor for trad line to left",https://www.mountainproject.com/route/109609554/lanterne-rouge,1,"Kentucky > Red River Gorge > Pendergrass-Murray Recreational Preserve (PMRP) > Velo Crag",3.0,-1,TR,,Sport,,80,2400
2022-10-22,Dura-Ace,5.8,"Top rope to clean for random duo (Nick from Nulu)",https://www.mountainproject.com/route/109609523/dura-ace,1,"Kentucky > Red River Gorge > Pendergrass-Murray Recreational Preserve (PMRP) > Velo Crag",2.8,-1,TR,,Sport,,75,2100
2022-10-22,"Eddie Merckx Gets a Perm",5.8,"Set up top rope by traversing from the 9 to the right",https://www.mountainproject.com/route/110334667/eddie-merckx-gets-a-perm,1,"Kentucky > Red River Gorge > Pendergrass-Murray Recreational Preserve (PMRP) > Velo Crag",2.7,-1,TR,,Trad,,85,2100
2022-10-22,"Road Rash",5.10c,,https://www.mountainproject.com/route/119969047/road-rash,1,"Kentucky > Red River Gorge > Pendergrass-Murray Recreational Preserve (PMRP) > Velo Crag",3.1,-1,Lead,Onsight,Sport,,75,3200
2022-10-22,Dura-Ace,5.8,,https://www.mountainproject.com/route/109609523/dura-ace,1,"Kentucky > Red River Gorge > Pendergrass-Murray Recreational Preserve (PMRP) > Velo Crag",2.8,-1,Lead,Redpoint,Sport,,75,2100
2022-10-22,Ultegra,5.10a,"Kaylee and Cincy people and Will (cow suit) from NC and squad randomly there",https://www.mountainproject.com/route/110334638/ultegra,1,"Kentucky > Red River Gorge > Pendergrass-Murray Recreational Preserve (PMRP) > Velo Crag",2.6,-1,Lead,Onsight,Sport,,75,2600
2022-10-20,"When Rats Attack",5.10b,,https://www.mountainproject.com/route/106065310/when-rats-attack,1,"Kentucky > Red River Gorge > Pendergrass-Murray Recreational Preserve (PMRP) > Chica Bonita Wall",2.5,-1,Lead,Redpoint,Sport,,60,2900
2022-10-20,"Ridin' the Short Buzz",5.9,,https://www.mountainproject.com/route/107334457/ridin-the-short-buzz,1,"Kentucky > Red River Gorge > Pendergrass-Murray Recreational Preserve (PMRP) > Chica Bonita Wall",2.4,-1,Lead,Redpoint,Sport,,35,2400
2022-10-20,"Hot Drama Teacher",5.11a,"Fell pulling roof",https://www.mountainproject.com/route/106065301/hot-drama-teacher,1,"Kentucky > Red River Gorge > Pendergrass-Murray Recreational Preserve (PMRP) > Chica Bonita Wall",2.8,-1,Lead,Fell/Hung,Sport,,90,4600
2022-10-19,"Barrel Full of Monkeys",5.11a,"Onsight attempt. 1 or 2 more attempts needed",https://www.mountainproject.com/route/108941985/barrel-full-of-monkeys,1,"Kentucky > Red River Gorge > Natural Bridge Region > The Zoo > The New Zoo",2.8,-1,Lead,Fell/Hung,Sport,,80,4600
2022-10-19,"Dirty Bird",5.10b,,https://www.mountainproject.com/route/111219168/dirty-bird,1,"Kentucky > Red River Gorge > Natural Bridge Region > The Zoo > Bird Cage Sector",3.1,-1,Lead,Redpoint,Sport,,60,2900
2022-10-18,"To Defy The Laws Of Tradition",5.10a,,https://www.mountainproject.com/route/105860648/to-defy-the-laws-of-tradition,1,"Kentucky > Red River Gorge > Northern Gorge > Left Flank",3.3,-1,Lead,Fell/Hung,Sport,,60,2600
2022-10-15,"27 Years of Climbing",5.8,,https://www.mountainproject.com/route/106125099/27-years-of-climbing,1,"Kentucky > Red River Gorge > Pendergrass-Murray Recreational Preserve (PMRP) > The Gallery",3.6,-1,Lead,Redpoint,Sport,,65,2100
2022-10-15,"Johnny B. Good",5.11a,"Fell clipping chains. Damn",https://www.mountainproject.com/route/106154626/johnny-b-good,1,"Kentucky > Red River Gorge > Pendergrass-Murray Recreational Preserve (PMRP) > The Gallery",3.4,-1,Lead,Fell/Hung,Sport,,80,4600
2022-10-15,Murano,5.10b/c,"Slopers up top make you think but it’s not too hard. More spooky than difficutl",https://www.mountainproject.com/route/106125082/murano,1,"Kentucky > Red River Gorge > Pendergrass-Murray Recreational Preserve (PMRP) > The Gallery",2.8,-1,Lead,Onsight,Sport,,75,3100
2022-10-14,"All Things Considered",5.11d,"Onsight attempt as warm up with strangers from Detroit. Three more attempts and it goes I think. Plenty of rest opportunities once beta is more dialed",https://www.mountainproject.com/route/106641238/all-things-considered,1,"Kentucky > Red River Gorge > Northern Gorge > Military Wall",3.8,-1,Lead,Fell/Hung,Sport,,55,5500
2022-10-14,Sunshine,5.9,"Not as bad as I once thought, did in dark with headlamp",https://www.mountainproject.com/route/105891673/sunshine,1,"Kentucky > Red River Gorge > Northern Gorge > Military Wall",2.4,-1,Lead,Redpoint,Sport,,50,2400
2022-10-13,G.I.,"5.7 PG13","Hopped on Detroit squad top rope train to clean for them",https://www.mountainproject.com/route/105885179/gi,2,"Kentucky > Red River Gorge > Northern Gorge > Military Wall",3.3,-1,TR,,Trad,,130,1800
2022-10-13,"DaVinci's Left Ear",5.10b/c,"Fun route with some tricky bits",https://www.mountainproject.com/route/106937642/davincis-left-ear,1,"Kentucky > Red River Gorge > Pendergrass-Murray Recreational Preserve (PMRP) > The Gallery",2.5,-1,Lead,Onsight,Sport,,60,3100
2022-10-13,"Random Precision",5.11b,"Super sick and technical climb with a cool name. Highest grade onsight yet",https://www.mountainproject.com/route/106577204/random-precision,1,"Kentucky > Red River Gorge > Pendergrass-Murray Recreational Preserve (PMRP) > The Gallery",3.7,-1,Lead,Onsight,Sport,,60,4900
2022-10-11,"Send Me on My Way",5.9-,,https://www.mountainproject.com/route/106085043/send-me-on-my-way,1,"Kentucky > Red River Gorge > Muir Valley > Bruise Brothers Wall",3.2,-1,Lead,Onsight,Sport,,75,2300
2022-10-11,"Ohio Climbing",5.8,,https://www.mountainproject.com/route/108524421/ohio-climbing,1,"Kentucky > Red River Gorge > Muir Valley > Bruise Brothers Wall",2.7,-1,TR,,Sport,,50,2100
2022-10-09,"Casual Viewing",5.7,,https://www.mountainproject.com/route/105878287/casual-viewing,1,"Kentucky > Red River Gorge > Natural Bridge Region > Global Village",3.5,-1,TR,,Trad,,70,1800
2022-10-09,"Kentucky Pinstripe",5.10a,,https://www.mountainproject.com/route/105880920/kentucky-pinstripe,1,"Kentucky > Red River Gorge > Natural Bridge Region > Global Village",2.8,-1,Lead,Redpoint,Sport,,80,2600
2022-10-09,Eureka,5.6,,https://www.mountainproject.com/route/105880926/eureka,1,"Kentucky > Red River Gorge > Natural Bridge Region > Global Village",3.6,-1,Lead,Redpoint,Sport,,70,1600
2022-10-08,"Whiteout Direct (aka Nerds)",5.8,,https://www.mountainproject.com/route/105870771/whiteout-direct-aka-nerds,1,"Kentucky > Red River Gorge > Natural Bridge Region > Emerald City > Emerald City",2.7,-1,Lead,Onsight,Sport,,50,2100
2022-10-08,"Yellow Brick Road",5.11b,"First 11b flash

Super sick route",https://www.mountainproject.com/route/105870649/yellow-brick-road,1,"Kentucky > Red River Gorge > Natural Bridge Region > Emerald City > Emerald City",3.7,-1,Lead,Flash,Sport,,50,4900
2022-10-08,"The Shining",5.9,"Took about half way up just at the pod that goes into splitter upper crack",https://www.mountainproject.com/route/105870653/the-shining,1,"Kentucky > Red River Gorge > Natural Bridge Region > Emerald City > Emerald City",3.0,-1,Lead,Fell/Hung,Trad,,30,2400
2022-10-08,"Diamond In The Rough",5.10c,"Climbed with Kaylee and Ryan",https://www.mountainproject.com/route/105860768/diamond-in-the-rough,1,"Kentucky > Red River Gorge > Natural Bridge Region > Emerald City > Emerald City",3.4,-1,Lead,Redpoint,Sport,,80,3200
2022-10-08,"Ruby Slippers",5.10d,"Climbed with Kaylee and Ryan",https://www.mountainproject.com/route/105870235/ruby-slippers,1,"Kentucky > Red River Gorge > Natural Bridge Region > Emerald City > Emerald City",3.1,-1,Lead,,Sport,,70,3500
2022-10-05,"Sluts are CooI",5.12a,"Bolt to bolted it while Stefan tried harder. Seemed doable with better endurance",https://www.mountainproject.com/route/111281182/sluts-are-cooi,1,"Kentucky > Red River Gorge > Natural Bridge Region > Beer Trailer Crag",2.8,-1,Lead,Fell/Hung,Sport,,40,6600
2022-10-04,"Diamond In The Rough",5.10c,"Awesome route",https://www.mountainproject.com/route/105860768/diamond-in-the-rough,1,"Kentucky > Red River Gorge > Natural Bridge Region > Emerald City > Emerald City",3.4,-1,Lead,Onsight,Sport,,80,3200
2022-10-04,"Ruby Slippers",5.10d,"First 10d onsight and hardest to date onsight. Sick climb too, very fun!

Climbed with Stefan",https://www.mountainproject.com/route/105870235/ruby-slippers,1,"Kentucky > Red River Gorge > Natural Bridge Region > Emerald City > Emerald City",3.1,-1,Lead,Onsight,Sport,,70,3500
2022-10-03,"Mr. Bungle",5.8,,https://www.mountainproject.com/route/105860693/mr-bungle,1,"Kentucky > Red River Gorge > Northern Gorge > Left Flank",2.5,-1,Lead,Redpoint,Sport,,60,2100
2022-10-02,"Kentucky Pinstripe",5.10a,,https://www.mountainproject.com/route/105880920/kentucky-pinstripe,1,"Kentucky > Red River Gorge > Natural Bridge Region > Global Village",2.8,-1,Lead,Redpoint,Sport,,80,2600
2022-10-02,Eureka,5.6,,https://www.mountainproject.com/route/105880926/eureka,1,"Kentucky > Red River Gorge > Natural Bridge Region > Global Village",3.6,-1,Lead,Redpoint,Sport,,70,1600
2022-10-02,"Father and Son",5.7,,https://www.mountainproject.com/route/105872426/father-and-son,1,"Kentucky > Red River Gorge > Natural Bridge Region > Global Village",2.9,4,Lead,Redpoint,Trad,,50,1800
2022-06-22,"Air Ride Equipped",5.11a,"Took once about half way up",https://www.mountainproject.com/route/106586504/air-ride-equipped,1,"Kentucky > Red River Gorge > Muir Valley > The Solarium",3.6,-1,Lead,Fell/Hung,Sport,,65,4600
2022-06-20,"You Can't Piss on Hospitality",5.7,"Climbed again to put up top rope for Jessica",https://www.mountainproject.com/route/111085092/you-cant-piss-on-hospitality,1,"Kentucky > Red River Gorge > Miller Fork Recreational Preserve (MFRP) > Secret Garden",2.0,-1,Lead,Redpoint,Sport,,45,1800
2022-06-20,"Nilbog Night Life",5.9,,https://www.mountainproject.com/route/111085156/nilbog-night-life,1,"Kentucky > Red River Gorge > Miller Fork Recreational Preserve (MFRP) > Secret Garden",2.0,-1,Lead,Onsight,Sport,,45,2400
2022-06-20,"You Can't Piss on Hospitality",5.7,,https://www.mountainproject.com/route/111085092/you-cant-piss-on-hospitality,1,"Kentucky > Red River Gorge > Miller Fork Recreational Preserve (MFRP) > Secret Garden",2.0,-1,Lead,Redpoint,Sport,,45,1800
2022-06-20,"Little Wing",5.9,"Fun climbing and cool looking",https://www.mountainproject.com/route/110335844/little-wing,1,"Kentucky > Red River Gorge > Miller Fork Recreational Preserve (MFRP) > Secret Garden",3.3,-1,Lead,Onsight,Sport,,60,2400
2022-06-20,"Hippie Lip Balm",5.9,,https://www.mountainproject.com/route/110529330/hippie-lip-balm,1,"Kentucky > Red River Gorge > Miller Fork Recreational Preserve (MFRP) > Secret Garden",2.6,-1,Lead,Redpoint,Sport,,75,2400
2022-06-13,Psyberpunk,5.11c,"Fell at 5th bolt",https://www.mountainproject.com/route/106915706/psyberpunk,1,"Kentucky > Red River Gorge > Muir Valley > Inner Sanctum",3.5,-1,Lead,Fell/Hung,Sport,,65,5200
2022-06-13,"Netizen Hacktivist",5.9+,,https://www.mountainproject.com/route/106579695/netizen-hacktivist,1,"Kentucky > Red River Gorge > Muir Valley > Inner Sanctum",2.4,-1,Lead,Onsight,Sport,,60,2500
2022-06-12,"Diamond in the Crack",5.6,"Cool route that’s fun to get to and has an even better view",https://www.mountainproject.com/route/105854135/diamond-in-the-crack,2,"Kentucky > Red River Gorge > Northern Gorge > Jewel Pinnacle",3.8,-1,Lead,Onsight,Trad,,120,1600
2022-06-12,Copperhead,5.7,,https://www.mountainproject.com/route/105869356/copperhead,1,"Kentucky > Red River Gorge > Northern Gorge > Jewel Pinnacle",2.0,-1,Lead,Onsight,Trad,,60,1800
2022-06-11,Hippocrite,5.12a,Attempted,https://www.mountainproject.com/route/106126244/hippocrite,1,"Kentucky > Red River Gorge > Natural Bridge Region > The Zoo > The Old Zoo",3.6,-1,Lead,Fell/Hung,Sport,,45,6600
2022-06-11,"Monkey in the Middle",5.11a,"1st clean send",https://www.mountainproject.com/route/106127925/monkey-in-the-middle,1,"Kentucky > Red River Gorge > Natural Bridge Region > The Zoo > The Old Zoo",3.5,-1,Lead,Redpoint,Sport,,80,4600
2022-06-11,Armadillo,5.10d,,https://www.mountainproject.com/route/105918082/armadillo,1,"Kentucky > Red River Gorge > Natural Bridge Region > The Zoo > The Old Zoo",2.6,-1,Lead,Onsight,Sport,,70,3500
2022-06-11,"Put Me In The Zoo",5.9+,,https://www.mountainproject.com/route/105918073/put-me-in-the-zoo,1,"Kentucky > Red River Gorge > Natural Bridge Region > The Zoo > The Old Zoo",2.4,-1,Lead,Onsight,Sport,,70,2500
2022-06-10,"Calypso I",5.7,,https://www.mountainproject.com/route/106129927/calypso-i,1,"Kentucky > Red River Gorge > Northern Gorge > Fortress Wall",2.8,-1,Lead,Redpoint,Trad,,60,1800
2022-06-09,Whiteout,5.8,"Night climbed with Danielle. Great route. Should do it again in the day",https://www.mountainproject.com/route/105870659/whiteout,2,"Kentucky > Red River Gorge > Natural Bridge Region > Emerald City > Emerald City",3.5,-1,Lead,Onsight,Trad,,120,2100
2022-06-09,"The Offering",5.7,,https://www.mountainproject.com/route/106085047/the-offering,1,"Kentucky > Red River Gorge > Muir Valley > Bruise Brothers Wall",2.6,-1,Lead,Redpoint,Sport,,45,1800
2022-06-09,CH4,5.7,,https://www.mountainproject.com/route/106130307/ch4,1,"Kentucky > Red River Gorge > Muir Valley > Bruise Brothers Wall",1.7,-1,Lead,Pinkpoint,Sport,,30,1800
2022-06-09,CH4,5.7,,https://www.mountainproject.com/route/106130307/ch4,1,"Kentucky > Red River Gorge > Muir Valley > Bruise Brothers Wall",1.7,-1,Lead,Redpoint,Sport,,30,1800
2022-06-08,"Brown Eyed Girl",5.10a,,https://www.mountainproject.com/route/106065316/brown-eyed-girl,1,"Kentucky > Red River Gorge > Pendergrass-Murray Recreational Preserve (PMRP) > Chica Bonita Wall",3.3,-1,Lead,Onsight,Sport,,70,2600
2022-06-08,"Brolo El Cunado",5.8,,https://www.mountainproject.com/route/112562988/brolo-el-cunado,1,"Kentucky > Red River Gorge > Pendergrass-Murray Recreational Preserve (PMRP) > Chica Bonita Wall",2.0,-1,Lead,Onsight,Sport,,30,2100
2022-06-08,Raindancer,5.10a,,https://www.mountainproject.com/route/106065295/raindancer,1,"Kentucky > Red River Gorge > Pendergrass-Murray Recreational Preserve (PMRP) > Chica Bonita Wall",1.9,-1,Lead,Redpoint,Sport,,30,2600
2022-06-08,"Pocahontas Path",5.7,,https://www.mountainproject.com/route/107353477/pocahontas-path,1,"Kentucky > Red River Gorge > Pendergrass-Murray Recreational Preserve (PMRP) > Chica Bonita Wall",2.0,-1,Lead,Redpoint,Sport,,30,1800
2022-06-06,"Mr. Bungle",5.8,,https://www.mountainproject.com/route/105860693/mr-bungle,1,"Kentucky > Red River Gorge > Northern Gorge > Left Flank",2.5,-1,Lead,Redpoint,Sport,,60,2100
2022-06-06,"Face Up To That Crack",5.8,,https://www.mountainproject.com/route/105860667/face-up-to-that-crack,1,"Kentucky > Red River Gorge > Northern Gorge > Left Flank",2.7,-1,Lead,Redpoint,"Trad, Sport",,70,2100
2022-05-15,"Calypso II",5.6,,https://www.mountainproject.com/route/106129702/calypso-ii,1,"Kentucky > Red River Gorge > Northern Gorge > Fortress Wall",2.3,-1,TR,,Trad,,60,1600
2022-05-15,"Calypso III",5.5,"Climbed it again to retrieve Nick’s cam that we forgot to clean",https://www.mountainproject.com/route/105919570/calypso-iii,1,"Kentucky > Red River Gorge > Northern Gorge > Fortress Wall",2.5,-1,Lead,Redpoint,Trad,,60,1500
2022-05-15,Snake,5.8,,https://www.mountainproject.com/route/105919554/snake,1,"Kentucky > Red River Gorge > Northern Gorge > Fortress Wall",3.1,-1,Lead,Redpoint,Trad,,60,2100
2022-05-15,"Calypso III",5.5,,https://www.mountainproject.com/route/105919570/calypso-iii,1,"Kentucky > Red River Gorge > Northern Gorge > Fortress Wall",2.5,-1,Lead,Onsight,Trad,,60,1500
2022-05-14,"Monkey in the Middle",5.11a,,https://www.mountainproject.com/route/106127925/monkey-in-the-middle,1,"Kentucky > Red River Gorge > Natural Bridge Region > The Zoo > The Old Zoo",3.5,-1,Lead,Fell/Hung,Sport,,80,4600
2022-05-14,"Brother Stair",5.9+,,https://www.mountainproject.com/route/105866353/brother-stair,1,"Kentucky > Red River Gorge > Northern Gorge > Left Flank",2.0,-1,Lead,Onsight,Sport,,40,2500
2022-05-14,"Face Up To That Crack",5.8,,https://www.mountainproject.com/route/105860667/face-up-to-that-crack,1,"Kentucky > Red River Gorge > Northern Gorge > Left Flank",2.7,-1,Lead,Redpoint,"Trad, Sport",,70,2100
2022-05-14,Hippocrite,5.12a,"Bolt to bolt but got up it",https://www.mountainproject.com/route/106126244/hippocrite,1,"Kentucky > Red River Gorge > Natural Bridge Region > The Zoo > The Old Zoo",3.6,-1,Lead,Fell/Hung,Sport,,45,6600
2022-05-12,Chimp,5.10b,"Pretty fun",https://www.mountainproject.com/route/105918086/chimp,1,"Kentucky > Red River Gorge > Natural Bridge Region > The Zoo > The Old Zoo",2.5,-1,Lead,Onsight,Sport,,60,2900
2022-05-12,"Monkey in the Middle",5.11a,"Best attempt so far

Took once 2nd to last bolt",https://www.mountainproject.com/route/106127925/monkey-in-the-middle,1,"Kentucky > Red River Gorge > Natural Bridge Region > The Zoo > The Old Zoo",3.5,-1,Lead,Fell/Hung,Sport,,80,4600
2022-05-10,"27 Years of Climbing",5.8,,https://www.mountainproject.com/route/106125099/27-years-of-climbing,1,"Kentucky > Red River Gorge > Pendergrass-Murray Recreational Preserve (PMRP) > The Gallery",3.6,-1,Lead,Redpoint,Sport,,65,2100
2022-05-10,"A Brief History of Climb",5.10b,,https://www.mountainproject.com/route/106125070/a-brief-history-of-climb,1,"Kentucky > Red River Gorge > Pendergrass-Murray Recreational Preserve (PMRP) > The Gallery",3.7,-1,Lead,Redpoint,Sport,,75,2900
2022-05-10,"Johnny B. Good",5.11a,"Took once 2nd bolt after roof",https://www.mountainproject.com/route/106154626/johnny-b-good,1,"Kentucky > Red River Gorge > Pendergrass-Murray Recreational Preserve (PMRP) > The Gallery",3.4,-1,Lead,Fell/Hung,Sport,,80,4600
2022-05-09,Vision,5.7,,https://www.mountainproject.com/route/105880914/vision,1,"Kentucky > Red River Gorge > Natural Bridge Region > Global Village",3.1,-1,Lead,Redpoint,Trad,,80,1800
2022-05-09,"Father and Son",5.7,,https://www.mountainproject.com/route/105872426/father-and-son,1,"Kentucky > Red River Gorge > Natural Bridge Region > Global Village",2.9,4,Lead,Redpoint,Trad,,50,1800
2022-05-05,"Parting Gift",5.11b,"Substantially harder than fuzzy under cling IMO. Bolt to bolt-ed it",https://www.mountainproject.com/route/106123184/parting-gift,1,"Kentucky > Red River Gorge > Northern Gorge > Military Wall",2.8,-1,Lead,Fell/Hung,Sport,,55,4900
2022-05-04,"Monkey in the Middle",5.11a,,https://www.mountainproject.com/route/106127925/monkey-in-the-middle,1,"Kentucky > Red River Gorge > Natural Bridge Region > The Zoo > The Old Zoo",3.5,-1,Lead,,Sport,,80,4600
2022-05-03,Gunner,5.9+,,https://www.mountainproject.com/route/111219150/gunner,1,"Kentucky > Red River Gorge > Natural Bridge Region > The Zoo > Bird Cage Sector",2.4,-1,Lead,,Sport,,75,2500
2022-05-03,"Dirty Bird",5.10b,,https://www.mountainproject.com/route/111219168/dirty-bird,1,"Kentucky > Red River Gorge > Natural Bridge Region > The Zoo > Bird Cage Sector",3.1,-1,Lead,Redpoint,Sport,,60,2900
2022-04-29,Mailbox,5.8+,"A little heady up top!",https://www.mountainproject.com/route/105868688/mailbox,1,"Kentucky > Red River Gorge > Northern Gorge > Long Wall",2.3,-1,Lead,Redpoint,Trad,,80,2200
2022-04-29,Autumn,5.9,Stellar,https://www.mountainproject.com/route/105868022/autumn,1,"Kentucky > Red River Gorge > Northern Gorge > Long Wall",3.7,-1,Lead,Pinkpoint,Trad,,80,2400
2022-04-29,"Rock Wars",5.10a,"Top tier route. Lead on Chase’s preplaced gear no problem. Come back for the clean lead when my rack can handle it.
",https://www.mountainproject.com/route/105868000/rock-wars,1,"Kentucky > Red River Gorge > Northern Gorge > Long Wall",3.9,-1,Lead,Pinkpoint,Trad,,110,2600
2022-04-28,"Fuzzy Undercling",5.11b,"2 attempts. Start was manageable but my lack of any endurance was not.",https://www.mountainproject.com/route/105870256/fuzzy-undercling,1,"Kentucky > Red River Gorge > Northern Gorge > Military Wall",3.4,-1,Lead,Fell/Hung,Sport,,60,4900
2022-04-27,Toker,5.11a,"Took bolt prior to anchors. 3 attempts",https://www.mountainproject.com/route/106427242/toker,1,"Kentucky > Red River Gorge > Pendergrass-Murray Recreational Preserve (PMRP) > Bob Marley",3.6,-1,Lead,Fell/Hung,Sport,,70,4600
2022-04-26,"Kentucky Pinstripe",5.10a,,https://www.mountainproject.com/route/105880920/kentucky-pinstripe,1,"Kentucky > Red River Gorge > Natural Bridge Region > Global Village",2.8,-1,Lead,Redpoint,Sport,,80,2600
2022-04-26,Eureka,5.6,,https://www.mountainproject.com/route/105880926/eureka,1,"Kentucky > Red River Gorge > Natural Bridge Region > Global Village",3.6,-1,Lead,Redpoint,Sport,,70,1600
2022-04-03,Keymaster,V3,,https://www.mountainproject.com/route/122084475/keymaster,1,"Kentucky > Foxtown Boulders > The Crypt",3.0,-1,Flash,,Boulder,,,20300
2022-04-03,"Chop Suey",V2,,https://www.mountainproject.com/route/119963978/chop-suey,1,"Kentucky > Foxtown Boulders > Three Stooges",2.8,-1,Send,,Boulder,,,20200
2022-04-03,"Double Down",V0+,,https://www.mountainproject.com/route/119963959/double-down,1,"Kentucky > Foxtown Boulders > Three Stooges",3.0,-1,Flash,,Boulder,,,20010
2022-04-03,Dry,V0+,,https://www.mountainproject.com/route/119963946/dry,1,"Kentucky > Foxtown Boulders > Three Stooges",3.0,-1,Flash,,Boulder,,,20010
2022-04-03,"Marky Mark",V3,,https://www.mountainproject.com/route/119967081/marky-mark,1,"Kentucky > Foxtown Boulders > Three Stooges",4.0,-1,Send,,Boulder,,,20300
2022-03-18,Scowl,V3,,https://www.mountainproject.com/route/120164522/scowl,1,"Maryland > Patapsco Valley State Park > The Nest > Nest A",2.5,-1,Send,,Boulder,,7,20300
2022-03-18,"X Marks the Spot",V1,,https://www.mountainproject.com/route/120171470/x-marks-the-spot,1,"Maryland > Patapsco Valley State Park > The Nest > Nest A",1.0,-1,Flash,,Boulder,,8,20100
2022-03-18,"Crescent Moons","V3 PG13",,https://www.mountainproject.com/route/120154208/crescent-moons,1,"Maryland > Patapsco Valley State Park > The Nest > Nest A",3.0,-1,Flash,,Boulder,,20,20300
2022-03-18,"The Crescent Flake","V3 PG13",,https://www.mountainproject.com/route/120157745/the-crescent-flake,1,"Maryland > Patapsco Valley State Park > The Nest > Nest A",3.0,-1,Flash,,Boulder,,20,20300
2022-03-18,"Pappa Bear",V0+,,https://www.mountainproject.com/route/120157780/pappa-bear,1,"Maryland > Patapsco Valley State Park > The Nest > Nest A",2.3,-1,Flash,,Boulder,,20,20010
2022-03-15,"Smiley Face",V4,,https://www.mountainproject.com/route/106752727/smiley-face,1,"Pennsylvania > South Central PA > Governor Dick Park (aka Mount Gretna) > Smiley Area > Smiley Boulder",3.3,-1,Attempt,,Boulder,,15,20400
2022-03-13,"Snake Route",5.7,,https://www.mountainproject.com/route/108285990/snake-route,1,"Pennsylvania > South Central PA > Safe Harbor > Safe Harbor South > c Electric Co. Sector",1.9,-1,Lead,,Sport,,50,1800
2022-03-13,"Two Pines",5.8,,https://www.mountainproject.com/route/107385153/two-pines,1,"Pennsylvania > South Central PA > Safe Harbor > Safe Harbor South > c Electric Co. Sector",2.2,-1,Lead,,Sport,,64,2100
2022-03-13,"Public Service",5.8+,,https://www.mountainproject.com/route/107383254/public-service,1,"Pennsylvania > South Central PA > Safe Harbor > Safe Harbor South > c Electric Co. Sector",2.4,-1,Lead,Onsight,Sport,,74,2200
2022-03-13,"Can't Remember",5.8,,https://www.mountainproject.com/route/107494024/cant-remember,1,"Pennsylvania > South Central PA > Safe Harbor > Safe Harbor South > c Electric Co. Sector",1.9,-1,Lead,,Sport,,70,2100
2022-03-05,"Environmental Impact",5.7,"Took once",https://www.mountainproject.com/route/105860612/environmental-impact,1,"Kentucky > Red River Gorge > Northern Gorge > Pebble Beach",3.1,-1,Lead,Fell/Hung,Trad,,130,1800
2022-03-05,"Zambezi Plunge",5.8,,https://www.mountainproject.com/route/105891711/zambezi-plunge,1,"Kentucky > Red River Gorge > Northern Gorge > Pebble Beach",2.6,-1,Lead,,Trad,,50,2100
2022-03-05,Scabies,5.9+,,https://www.mountainproject.com/route/105860576/scabies,1,"Kentucky > Red River Gorge > Northern Gorge > Pebble Beach",2.5,-1,Lead,Onsight,Sport,,40,2500
2022-03-05,"The Arrowhead","5.7 PG13",,https://www.mountainproject.com/route/105869491/the-arrowhead,1,"Kentucky > Red River Gorge > Northern Gorge > Pebble Beach",2.6,-1,Lead,,Trad,,60,1800
2021-11-14,"Ol' Yeller",5.7+,,https://www.mountainproject.com/route/112388613/ol-yeller,1,"Kentucky > Red River Gorge > Northern Gorge > Pistol Ridge",2.4,-1,Lead,Onsight,Trad,,45,1900
2021-11-13,"Grandma Josephine",5.10b,,https://www.mountainproject.com/route/117909365/grandma-josephine,1,"Kentucky > Red River Gorge > Bald Rock Recreational Preserve (BRRP) > Chocolate Factory",2.5,-1,Lead,Onsight,Sport,,45,2900
2021-11-13,"Grandpa Joe",5.9,,https://www.mountainproject.com/route/109480361/grandpa-joe,1,"Kentucky > Red River Gorge > Bald Rock Recreational Preserve (BRRP) > Chocolate Factory",2.6,-1,Lead,Onsight,Sport,,50,2400
2021-11-13,"The Juggernaut",5.10b,,https://www.mountainproject.com/route/109770822/the-juggernaut,1,"Kentucky > Red River Gorge > Bald Rock Recreational Preserve (BRRP) > Chocolate Factory",2.7,-1,Lead,Redpoint,Sport,,65,2900
2021-11-07,Whip-Stocking,5.11a,"Also sick, come back for lead",https://www.mountainproject.com/route/106081917/whip-stocking,1,"Kentucky > Red River Gorge > Pendergrass-Murray Recreational Preserve (PMRP) > Drive-By Crag",3.7,-1,TR,,Sport,,80,4600
2021-11-07,"Breakfast Burrito",5.10c/d,"Super sick route",https://www.mountainproject.com/route/106081922/breakfast-burrito,1,"Kentucky > Red River Gorge > Pendergrass-Murray Recreational Preserve (PMRP) > Drive-By Crag",3.7,-1,Lead,Fell/Hung,Sport,,80,3400
2021-11-06,"Mr. Bungle",5.8,,https://www.mountainproject.com/route/105860693/mr-bungle,1,"Kentucky > Red River Gorge > Northern Gorge > Left Flank",2.5,-1,Lead,Redpoint,Sport,,60,2100
2021-11-06,"Face Up To That Crack",5.8,"Climbed before, placed a #1 in the crack",https://www.mountainproject.com/route/105860667/face-up-to-that-crack,1,"Kentucky > Red River Gorge > Northern Gorge > Left Flank",2.7,-1,Lead,Redpoint,"Trad, Sport",,70,2100
2021-11-06,"To Defy The Laws Of Tradition",5.10a,"Second time on this one, great route",https://www.mountainproject.com/route/105860648/to-defy-the-laws-of-tradition,1,"Kentucky > Red River Gorge > Northern Gorge > Left Flank",3.3,-1,Lead,Redpoint,Sport,,60,2600
2020-11-07,"Dance of the Druids",5.9,"Dirty and illsuited for my absolutely destroyed Mythos. This was their last route. RIP",https://www.mountainproject.com/route/107255588/dance-of-the-druids,1,"Kentucky > Red River Gorge > Muir Valley > The Hideout",2.4,2,Lead,Onsight,Sport,,60,2400
2020-11-07,"Call of the Wild",5.7,"Fun chimney with tricky roof pull to anchors.",https://www.mountainproject.com/route/107640216/call-of-the-wild,1,"Kentucky > Red River Gorge > Muir Valley > The Hideout",2.8,3,Lead,Onsight,Trad,,80,1800
2020-11-07,"Moots Madness",5.10a,"Not bad, short.",https://www.mountainproject.com/route/106937614/moots-madness,1,"Kentucky > Red River Gorge > Muir Valley > The Hideout",2.3,2,Lead,Onsight,Sport,,40,2600
2020-11-07,"Shock and Awe",5.7,"Took first trad lead fall on this route. Great route, lots of fun. Steep for grade.",https://www.mountainproject.com/route/106789874/shock-and-awe,1,"Kentucky > Red River Gorge > Muir Valley > The Hideout",3.4,4,Lead,Fell/Hung,Trad,,95,1800
2020-10-25,"Double Feature",5.10c,,https://www.mountainproject.com/route/106099092/double-feature,1,"Tennessee > Obed & Clear Creek > South Clear Creek > The Balcony",2.8,-1,Lead,,Sport,,60,3200
2020-10-24,Shadowhawk,5.9,,https://www.mountainproject.com/route/106111652/shadowhawk,1,"Tennessee > Obed & Clear Creek > South Clear Creek > Image Wall",2.7,-1,Lead,,Sport,,90,2400
2020-10-24,Spawn,5.10b/c,,https://www.mountainproject.com/route/106111639/spawn,1,"Tennessee > Obed & Clear Creek > South Clear Creek > Image Wall",3.6,-1,Lead,,Sport,,90,3100
2020-10-01,"Lone Coyote",5.10c,,https://www.mountainproject.com/route/111785547/lone-coyote,1,"Kentucky > Red River Gorge > Natural Bridge Region > The Zoo > Bird Cage Sector",2.0,-1,Lead,Onsight,Sport,,75,3200
2020-10-01,"Monkey in the Middle",5.11a,"Took at the 4th bolt and took a nice whip just before the anchors. Need better endurance, sick climb though.",https://www.mountainproject.com/route/106127925/monkey-in-the-middle,1,"Kentucky > Red River Gorge > Natural Bridge Region > The Zoo > The Old Zoo",3.5,-1,Lead,Fell/Hung,Sport,,80,4600
2020-10-01,"Botanical Gardens",5.10a,,https://www.mountainproject.com/route/111219181/botanical-gardens,1,"Kentucky > Red River Gorge > Natural Bridge Region > The Zoo > Bird Cage Sector",3.5,-1,Lead,Onsight,Sport,,95,2600
2020-10-01,"Dirty Bird",5.10b,,https://www.mountainproject.com/route/111219168/dirty-bird,1,"Kentucky > Red River Gorge > Natural Bridge Region > The Zoo > Bird Cage Sector",3.1,-1,Lead,Onsight,Sport,,60,2900
2020-09-20,"Kentucky Pinstripe",5.10a,,https://www.mountainproject.com/route/105880920/kentucky-pinstripe,1,"Kentucky > Red River Gorge > Natural Bridge Region > Global Village",2.8,-1,Lead,Pinkpoint,Sport,,80,2600
2020-09-18,Vision,5.7,,https://www.mountainproject.com/route/105880914/vision,1,"Kentucky > Red River Gorge > Natural Bridge Region > Global Village",3.1,-1,Lead,Redpoint,Trad,,80,1800
2020-09-18,"Father and Son",5.7,,https://www.mountainproject.com/route/105872426/father-and-son,1,"Kentucky > Red River Gorge > Natural Bridge Region > Global Village",2.9,4,Lead,Redpoint,Trad,,50,1800
2020-09-18,"The King Lives On",5.10b,,https://www.mountainproject.com/route/106125110/the-king-lives-on,1,"Kentucky > Red River Gorge > Pendergrass-Murray Recreational Preserve (PMRP) > The Gallery",2.7,-1,Lead,Pinkpoint,Sport,,80,2900
2020-09-18,"27 Years of Climbing",5.8,,https://www.mountainproject.com/route/106125099/27-years-of-climbing,1,"Kentucky > Red River Gorge > Pendergrass-Murray Recreational Preserve (PMRP) > The Gallery",3.6,-1,Lead,Onsight,Sport,,65,2100
2020-09-18,"Johnny B. Good",5.11a,,https://www.mountainproject.com/route/106154626/johnny-b-good,1,"Kentucky > Red River Gorge > Pendergrass-Murray Recreational Preserve (PMRP) > The Gallery",3.4,-1,Lead,Fell/Hung,Sport,,80,4600
2020-09-16,Snake,5.8,,https://www.mountainproject.com/route/105919554/snake,1,"Kentucky > Red River Gorge > Northern Gorge > Fortress Wall",3.1,-1,Lead,Onsight,Trad,,60,2100
2020-09-16,"Calypso I",5.7,,https://www.mountainproject.com/route/106129927/calypso-i,1,"Kentucky > Red River Gorge > Northern Gorge > Fortress Wall",2.8,-1,Lead,Onsight,Trad,,60,1800
2020-09-15,"Party Time",5.7,,https://www.mountainproject.com/route/105870326/party-time,2,"Kentucky > Red River Gorge > Northern Gorge > Fortress Wall",3.5,-1,Lead,Onsight,Trad,,110,1800
2020-08-18,Cosmos,5.10a,,https://www.mountainproject.com/route/105803446/cosmos,1,"Oregon > Central Oregon > Smith Rock > (q) Mesa Verde Wall",2.7,-1,Lead,Onsight,Sport,,70,2600
2020-08-18,"Screaming Yellow Zonkers",5.10b,,https://www.mountainproject.com/route/105803440/screaming-yellow-zonkers,1,"Oregon > Central Oregon > Smith Rock > (q) Mesa Verde Wall",3.5,-1,Lead,Pinkpoint,Sport,,85,2900
2020-08-17,"Nine Gallon Buckets",5.10c,"First pitch only",https://www.mountainproject.com/route/105800412/nine-gallon-buckets,1,"Oregon > Central Oregon > Smith Rock > (g) Morning Glory Wall",3.4,-1,Lead,Onsight,Sport,,90,3200
2020-08-17,"Light on the Path",5.10a,"Took once at crux.",https://www.mountainproject.com/route/105789064/light-on-the-path,1,"Oregon > Central Oregon > Smith Rock > (g) Morning Glory Wall",2.9,-1,Lead,Pinkpoint,Sport,,60,2600
2020-08-17,"Lion's Jaw",5.8,"Technically not a flash I suppose because I had to get more draws just before the roof. Very fun route.",https://www.mountainproject.com/route/105820721/lions-jaw,1,"Oregon > Central Oregon > Smith Rock > (g) Morning Glory Wall",3.1,-1,Lead,Flash,Trad,,80,2100
2020-08-17,"5 Gallon Buckets",5.8,,https://www.mountainproject.com/route/105789060/5-gallon-buckets,1,"Oregon > Central Oregon > Smith Rock > (g) Morning Glory Wall",3.2,-1,Lead,Onsight,Sport,,60,2100
2020-08-14,"Corrugation Corner",5.7,"Best route I&#39;ve done so far. Tons of fun. Used C4 .3-3 and two BD nut sets.",https://www.mountainproject.com/route/105872293/corrugation-corner,3,"California > Lake Tahoe > Highway 50 Corridor > Lover's Leap > Main Formation > Main Wall",3.9,4,Lead,Onsight,Trad,,300,1800
2020-08-06,"Simul I",5.9,,https://www.mountainproject.com/route/107763384/simul-i,1,"Colorado > 10 Mile Canyon > Officer's Gulch West",2.4,-1,Lead,Onsight,Sport,,60,2400
2020-08-06,"Dirty Downs",5.9,,https://www.mountainproject.com/route/107763366/dirty-downs,1,"Colorado > 10 Mile Canyon > Officer's Gulch West",2.3,-1,Lead,Onsight,Sport,,60,2400
2020-08-06,"Corner Route",5.10-,,https://www.mountainproject.com/route/110685164/corner-route,1,"Colorado > 10 Mile Canyon > Officer's Gulch West",2.7,-1,TR,,Sport,,80,2700
2020-08-05,"Not So Hostile Krainzover",5.8+,,https://www.mountainproject.com/route/106793171/not-so-hostile-krainzover,1,"Colorado > Keystone a.k.a. Montezuma > Haus Rock",2.1,-1,Lead,Onsight,Sport,,60,2200
2020-08-05,"Lichen This",5.9,,https://www.mountainproject.com/route/105863525/lichen-this,1,"Colorado > Keystone a.k.a. Montezuma > Haus Rock",2.6,-1,Lead,Onsight,Sport,,,2400
2020-08-05,"Little Squirt",5.6,,https://www.mountainproject.com/route/106282124/little-squirt,1,"Colorado > Keystone a.k.a. Montezuma > Haus Rock",1.8,-1,Lead,Onsight,Sport,,35,1600
2020-08-05,"Feet Do Not Fail Me Now",5.8,,https://www.mountainproject.com/route/106244053/feet-do-not-fail-me-now,1,"Colorado > Keystone a.k.a. Montezuma > Haus Rock",2.7,-1,Lead,Onsight,"Sport, TR",,45,2100
2020-07-25,"Typhoid Mary",5.10a,,https://www.mountainproject.com/route/111229014/typhoid-mary,1,"Kentucky > Red River Gorge > Miller Fork Recreational Preserve (MFRP) > The Infirmary",2.2,-1,Lead,Onsight,Sport,,65,2600
2020-07-16,Vision,5.7,,https://www.mountainproject.com/route/105880914/vision,1,"Kentucky > Red River Gorge > Natural Bridge Region > Global Village",3.1,-1,Lead,Onsight,Trad,,80,1800
2020-07-16,"Father and Son",5.7,,https://www.mountainproject.com/route/105872426/father-and-son,1,"Kentucky > Red River Gorge > Natural Bridge Region > Global Village",2.9,4,Lead,Redpoint,Trad,,50,1800
2020-07-16,Eureka,5.6,,https://www.mountainproject.com/route/105880926/eureka,1,"Kentucky > Red River Gorge > Natural Bridge Region > Global Village",3.6,-1,Lead,Onsight,Sport,,70,1600
2020-06-07,"Caver's Route","5.3 R",,https://www.mountainproject.com/route/105882024/cavers-route,4,"Kentucky > Red River Gorge > Northern Gorge > Tower Rock",3.6,-1,Lead,Onsight,Trad,,200,1300
2020-03-09,"Big Head",5.10a,,https://www.mountainproject.com/route/109868526/big-head,1,"Nevada > Southern Nevada > Red Rocks > (03) First Pullout (Calico I) > Jessica's Wall",2.5,-1,Lead,Flash,Sport,,30,2600
2020-03-09,"Angel Tears Falling from Heaven and Splashing in my Eye",5.10c,,https://www.mountainproject.com/route/109868537/angel-tears-falling-from-heaven-and-splashing-in-my-eye,1,"Nevada > Southern Nevada > Red Rocks > (03) First Pullout (Calico I) > Jessica's Wall",2.5,-1,Lead,Flash,Sport,,30,3200
2020-03-09,"Here Comes the Sun",5.9,,https://www.mountainproject.com/route/109868514/here-comes-the-sun,1,"Nevada > Southern Nevada > Red Rocks > (03) First Pullout (Calico I) > Jessica's Wall",2.5,-1,Lead,Flash,Sport,,35,2400
2020-03-09,"This is Sparta",5.9,,https://www.mountainproject.com/route/106757203/this-is-sparta,1,"Nevada > Southern Nevada > Red Rocks > (03) First Pullout (Calico I) > Civilization Crag",2.0,-1,Lead,Flash,Sport,,60,2400
2020-03-09,"Light Blue",5.8,,https://www.mountainproject.com/route/109868519/light-blue,1,"Nevada > Southern Nevada > Red Rocks > (03) First Pullout (Calico I) > Jessica's Wall",2.0,-1,Lead,Flash,Trad,,30,2100
2020-03-09,"Lil's Juicy Juice",5.8,,https://www.mountainproject.com/route/109868505/lils-juicy-juice,1,"Nevada > Southern Nevada > Red Rocks > (03) First Pullout (Calico I) > Jessica's Wall",2.1,-1,Lead,Flash,Sport,,30,2100
2020-03-09,"Flying Trapeze",5.10a,,https://www.mountainproject.com/route/109868545/flying-trapeze,1,"Nevada > Southern Nevada > Red Rocks > (03) First Pullout (Calico I) > Jessica's Wall",1.9,-1,Lead,Flash,Sport,,30,2600
2020-02-21,"Cheaper Than a Movie",5.8,"Awesome route",https://www.mountainproject.com/route/106064911/cheaper-than-a-movie,1,"Kentucky > Red River Gorge > Pendergrass-Murray Recreational Preserve (PMRP) > Chica Bonita Wall",3.7,-1,Lead,Flash,Trad,,100,2100
2020-02-21,"Be My Yoko Ono",5.8-,"Came back for the trad lead - an okay route. Nothing to write home about",https://www.mountainproject.com/route/107861392/be-my-yoko-ono,1,"Kentucky > Red River Gorge > Pendergrass-Murray Recreational Preserve (PMRP) > Chica Bonita Wall",2.4,-1,Lead,Onsight,Trad,,70,2000
2019-11-17,Foxfire,"5.7 R","Accidentally took variation out right instead of around the nose to to the face (last pitch). Ended up climbing up through heavily overgrown, slimy, and gross chimney. Met the top near the trail where a tree is grown up from a chimney.",https://www.mountainproject.com/route/105854070/foxfire,5,"Kentucky > Red River Gorge > Northern Gorge > Eagle Point Buttress",3.5,-1,Lead,Onsight,Trad,,200,1800
2019-11-10,"Zambezi Plunge",5.8,"Good route",https://www.mountainproject.com/route/105891711/zambezi-plunge,1,"Kentucky > Red River Gorge > Northern Gorge > Pebble Beach",2.6,-1,Lead,Flash,Trad,,50,2100
2019-11-10,"The Arrowhead","5.7 PG13","Good time, shit gear but easy with a single bolt at sketchiest part.",https://www.mountainproject.com/route/105869491/the-arrowhead,1,"Kentucky > Red River Gorge > Northern Gorge > Pebble Beach",2.6,-1,Lead,Flash,Trad,,60,1800
2019-11-10,Beachcomber,5.4,"Lots of fun adventure route",https://www.mountainproject.com/route/105872860/beachcomber,2,"Kentucky > Red River Gorge > Northern Gorge > Pebble Beach",2.2,-1,Lead,Flash,Trad,,130,1400
2019-10-19,"A Brief History of Climb",5.10b,,https://www.mountainproject.com/route/106125070/a-brief-history-of-climb,1,"Kentucky > Red River Gorge > Pendergrass-Murray Recreational Preserve (PMRP) > The Gallery",3.7,-1,Lead,Flash,Sport,,75,2900
2019-10-08,"Father and Son",5.7,,https://www.mountainproject.com/route/105872426/father-and-son,1,"Kentucky > Red River Gorge > Natural Bridge Region > Global Village",2.9,4,Lead,Onsight,Trad,,50,1800
2019-10-05,"Bedtime for Bonzo",5.6,"Incredible view, incredible route",https://www.mountainproject.com/route/105871977/bedtime-for-bonzo,2,"Kentucky > Red River Gorge > Northern Gorge > Fortress Wall",3.4,-1,Lead,Flash,Trad,,100,1600
2019-09-29,Ham,5.7,"2nd trad lead",https://www.mountainproject.com/route/105872442/ham,1,"Kentucky > Red River Gorge > Northern Gorge > Dip Wall",2.3,-1,Lead,Onsight,Trad,,30,1800
2019-09-29,"Green Eggs",5.7,"First trad lead",https://www.mountainproject.com/route/105872434/green-eggs,1,"Kentucky > Red River Gorge > Northern Gorge > Dip Wall",2.5,-1,Lead,Onsight,Trad,,30,1800
2019-09-22,Rising,5.11a,,https://www.mountainproject.com/route/106302099/rising,1,"Kentucky > Red River Gorge > Muir Valley > Bruise Brothers Wall",2.7,-1,Lead,Fell/Hung,Sport,,50,4600
2019-08-01,"Pig Tree",5.8+,"Fun crack to a ledge, then some slab to anchors",https://www.mountainproject.com/route/106316125/pig-tree,1,"Hawaii > Oahu > Mokule'ia Wall",2.7,-1,TR,,Sport,,50,2200
2019-08-01,"Chunky Monkey",5.8,"Fun climb with nice roof",https://www.mountainproject.com/route/106602076/chunky-monkey,1,"Hawaii > Oahu > Mokule'ia Wall",2.4,-1,TR,,Trad,,,2100
2019-07-15,"Aquagenic Urticaria",5.10b,"Accidentally climbed this as a warm up, could not get past the 4th bolt. Should try again",https://www.mountainproject.com/route/110400283/aquagenic-urticaria,1,"Kentucky > Red River Gorge > Miller Fork Recreational Preserve (MFRP) > The Infirmary",1.9,-1,Lead,Fell/Hung,Sport,,45,2900
2019-07-04,"Creature Feature",5.9,,https://www.mountainproject.com/route/105889536/creature-feature,1,"Kentucky > Red River Gorge > Northern Gorge > Phantasia",3.2,4,TR,,Sport,,70,2400
2019-07-03,"Vitamin C",5.9,"Maybe a good first 10 slab for people",https://www.mountainproject.com/route/116240518/vitamin-c,1,"Kentucky > Red River Gorge > Miller Fork Recreational Preserve (MFRP) > The Infirmary",2.7,-1,TR,,Sport,,55,2400
2019-07-03,"Temperature Rising",5.8,,https://www.mountainproject.com/route/113090203/temperature-rising,1,"Kentucky > Red River Gorge > Miller Fork Recreational Preserve (MFRP) > The Infirmary",2.4,2,Lead,Flash,Sport,,75,2100
2019-06-12,"Tupo Pamoja",V2,FA,https://www.mountainproject.com/route/117264624/tupo-pamoja,1,"International > Africa > Tanzania > Zanzibar > Kiwengwa",3.0,3,Send,,Boulder,V2,12,20200
2019-05-18,"Ridin' the Short Buzz",5.9,,https://www.mountainproject.com/route/107334457/ridin-the-short-buzz,1,"Kentucky > Red River Gorge > Pendergrass-Murray Recreational Preserve (PMRP) > Chica Bonita Wall",2.4,-1,Lead,Onsight,Sport,,35,2400
2019-05-18,Raindancer,5.10a,,https://www.mountainproject.com/route/106065295/raindancer,1,"Kentucky > Red River Gorge > Pendergrass-Murray Recreational Preserve (PMRP) > Chica Bonita Wall",1.9,-1,Lead,Onsight,Sport,,30,2600
2019-05-18,"Pocahontas Path",5.7,,https://www.mountainproject.com/route/107353477/pocahontas-path,1,"Kentucky > Red River Gorge > Pendergrass-Murray Recreational Preserve (PMRP) > Chica Bonita Wall",2.0,-1,Lead,Onsight,Sport,,30,1800
2019-05-18,"When Rats Attack",5.10b,"Took once at the last bolt due to pump. Rested then finished fine",https://www.mountainproject.com/route/106065310/when-rats-attack,1,"Kentucky > Red River Gorge > Pendergrass-Murray Recreational Preserve (PMRP) > Chica Bonita Wall",2.5,-1,Lead,,Sport,,60,2900
2019-03-23,"Pogue Ethics",5.9+,,https://www.mountainproject.com/route/106149020/pogue-ethics,1,"Kentucky > Red River Gorge > Northern Gorge > Phantasia",3.5,-1,Lead,Flash,Sport,,80,2500
2019-03-23,"Lord of the Flies",5.8,,https://www.mountainproject.com/route/106149032/lord-of-the-flies,1,"Kentucky > Red River Gorge > Northern Gorge > Phantasia",2.0,-1,Lead,Flash,Sport,,40,2100
2019-03-23,"Creature Feature",5.9,,https://www.mountainproject.com/route/105889536/creature-feature,1,"Kentucky > Red River Gorge > Northern Gorge > Phantasia",3.2,4,Lead,Flash,Sport,,70,2400
2019-02-24,Oompa,5.10b,,https://www.mountainproject.com/route/106782060/oompa,1,"Kentucky > Red River Gorge > Bald Rock Recreational Preserve (BRRP) > Chocolate Factory",3.1,-1,Lead,Flash,Sport,,60,2900
2019-02-24,"Babinski Sign",5.10d,"Hard for me but fun - did complete, fell/took, but didn&#39;t skip any section",https://www.mountainproject.com/route/107892923/babinski-sign,1,"Kentucky > Red River Gorge > Bald Rock Recreational Preserve (BRRP) > Chocolate Factory",2.8,-1,TR,,Sport,,60,3500
2018-11-21,"The Offering",5.7,"Fun route, anchors are still the hardest part. Easiest way seems to be far left from the anchors",https://www.mountainproject.com/route/106085047/the-offering,1,"Kentucky > Red River Gorge > Muir Valley > Bruise Brothers Wall",2.6,-1,,,Sport,,45,1800
2018-11-21,A-Beano,5.7+,"Easy route, closer to 5.7",https://www.mountainproject.com/route/106085035/a-beano,1,"Kentucky > Red River Gorge > Muir Valley > Bruise Brothers Wall",1.8,-1,Lead,,Sport,,30,1900
2018-11-21,CH4,5.7,,https://www.mountainproject.com/route/106130307/ch4,1,"Kentucky > Red River Gorge > Muir Valley > Bruise Brothers Wall",1.7,-1,Lead,,Sport,,30,1800
2018-11-21,"Trundling Kentucky",5.8,"Walker’s first lead. Fun route",https://www.mountainproject.com/route/107537571/trundling-kentucky,1,"Kentucky > Red River Gorge > Muir Valley > Bruise Brothers Wall",2.2,-1,Lead,,Sport,,50,2100
2018-10-09,"Hippie Lip Balm",5.9,"Climbed this a second time without realizing I had done it before. It was wet this time, dried out right before the slab section",https://www.mountainproject.com/route/110529330/hippie-lip-balm,1,"Kentucky > Red River Gorge > Miller Fork Recreational Preserve (MFRP) > Secret Garden",2.6,-1,Lead,Flash,Sport,,75,2400
2018-09-28,"Little T",5.11b,"I broke my ankle on this route",https://www.mountainproject.com/route/111085166/little-t,1,"Kentucky > Red River Gorge > Miller Fork Recreational Preserve (MFRP) > Secret Garden",2.6,-1,Lead,Fell/Hung,Sport,,50,4900
2018-09-28,"Tinkerbell's Panties",5.9,"First trad/crack climb. Freaking sweet",https://www.mountainproject.com/route/110529777/tinkerbells-panties,1,"Kentucky > Red River Gorge > Miller Fork Recreational Preserve (MFRP) > Secret Garden",2.7,-1,TR,,Trad,,55,2400
2018-07-26,Dura-Ace,5.8,"Fun climb. Had to think about the moves a lot for an 8",https://www.mountainproject.com/route/109609523/dura-ace,1,"Kentucky > Red River Gorge > Pendergrass-Murray Recreational Preserve (PMRP) > Velo Crag",2.8,-1,Lead,Flash,Sport,,75,2100
2018-07-26,"Lightning Rod Arete",5.10c/d,"Fell. Hard as shit, even on top rope",https://www.mountainproject.com/route/112216544/lightning-rod-arete,1,"Kentucky > Red River Gorge > Pendergrass-Murray Recreational Preserve (PMRP) > Velo Crag",3.6,-1,TR,,Sport,,70,3400
2018-07-25,"Lanterne Rouge",5.9,"Seemed easier than the 5.8 to the left of it. Fun climb though. ",https://www.mountainproject.com/route/109609554/lanterne-rouge,1,"Kentucky > Red River Gorge > Pendergrass-Murray Recreational Preserve (PMRP) > Velo Crag",3.0,-1,Lead,Flash,Sport,,80,2400
2018-07-25,"Hippie Lip Balm",5.9,"Definitely a fun route. Pretty easy",https://www.mountainproject.com/route/110529330/hippie-lip-balm,1,"Kentucky > Red River Gorge > Miller Fork Recreational Preserve (MFRP) > Secret Garden",2.6,-1,Lead,Flash,Sport,,75,2400
2018-07-25,"You Can't Piss on Hospitality",5.7,"Super fuckin slippery the day after rain. Not very fun, maybe better when dry",https://www.mountainproject.com/route/111085092/you-cant-piss-on-hospitality,1,"Kentucky > Red River Gorge > Miller Fork Recreational Preserve (MFRP) > Secret Garden",2.0,-1,Lead,Flash,Sport,,45,1800
2018-04-29,Sunshine,5.9,"Cleaned. Climbed a bit bolt to bolt. Runout past the 5th bolt to the anchors. Wouldn’t climb again",https://www.mountainproject.com/route/105891673/sunshine,1,"Kentucky > Red River Gorge > Northern Gorge > Military Wall",2.4,-1,Lead,Fell/Hung,Sport,,50,2400
2018-04-29,"Creature Feature",5.9,"Very cool route would climb again",https://www.mountainproject.com/route/105889536/creature-feature,1,"Kentucky > Red River Gorge > Northern Gorge > Phantasia",3.2,4,Lead,Flash,Sport,,70,2400
2018-04-29,Overlord,5.10b,"Project. Need to send",https://www.mountainproject.com/route/106149038/overlord,1,"Kentucky > Red River Gorge > Northern Gorge > Phantasia",2.8,-1,Lead,Fell/Hung,Sport,,50,2900
2018-03-13,Californication,5.7,,https://www.mountainproject.com/route/106565013/californication,1,"Colorado > Boulder > Boulder Canyon > Across from The Bihedral aka Cascade Crag",1.8,-1,Lead,Redpoint,Trad,,55,1800
2018-03-04,"Topless Etiquette",5.8,,https://www.mountainproject.com/route/105748256/topless-etiquette,1,"Colorado > Boulder > Boulder Canyon > The Bihedral Area > The Riviera",2.2,-1,Lead,Flash,Sport,,85,2100
2017-12-02,Slide,5.9,,https://www.mountainproject.com/route/106702543/slide,1,"Kentucky > Red River Gorge > Pendergrass-Murray Recreational Preserve (PMRP) > The Playground",2.4,-1,Lead,Flash,Sport,,60,2400
2017-12-02,"Tire Swing",5.10a,"Took first lead fall here. Fell twice but did finish",https://www.mountainproject.com/route/106702538/tire-swing,1,"Kentucky > Red River Gorge > Pendergrass-Murray Recreational Preserve (PMRP) > The Playground",2.5,-1,Lead,Fell/Hung,Sport,,60,2600
2017-11-17,A-Beano,5.7+,"Second lead",https://www.mountainproject.com/route/106085035/a-beano,1,"Kentucky > Red River Gorge > Muir Valley > Bruise Brothers Wall",1.8,-1,Lead,Flash,Sport,,30,1900
2017-11-17,CH4,5.7,"First lead climb. Send",https://www.mountainproject.com/route/106130307/ch4,1,"Kentucky > Red River Gorge > Muir Valley > Bruise Brothers Wall",1.7,-1,Lead,Flash,Sport,,30,1800
2017-11-17,Backstabber,5.9,"Fell after 2nd bolt",https://www.mountainproject.com/route/107855134/backstabber,1,"Kentucky > Red River Gorge > Muir Valley > Sunbeam Buttress",2.1,-1,TR,,Sport,,40,2400
2017-10-06,"Be My Yoko Ono",5.8-,,https://www.mountainproject.com/route/107861392/be-my-yoko-ono,1,"Kentucky > Red River Gorge > Pendergrass-Murray Recreational Preserve (PMRP) > Chica Bonita Wall",2.4,-1,TR,,Trad,,70,2000
2017-10-04,"Dynabolt Gold",5.10a,"First outdoor climb. Sent",https://www.mountainproject.com/route/106422472/dynabolt-gold,1,"Kentucky > Red River Gorge > Muir Valley > The Great Wall",3.1,-1,TR,,Sport,,70,2600
